orig_rank,rank,Artist,Orig_points,extra,total,points%,points,ROUND,Acum,PUNTOS,COUNTRY,PAD,days_yr,puntos_top_170,Puntos_finales_170,avg_artist_points
1,=ROW(A2)-1,Kanye West,85,,=SUM(D2:E2),=F2/$O$2,=F2*$N$2/$O$2,"=ROUND(H2,0)","=IFERROR(J1+I2,I2)","=IF(J2>365,0,I2)",,,365,=SUM(F2:F171),=SUM(I2:I171),=N2/50
2,=ROW(A3)-1, Los Planetas,71,,=SUM(D3:E3),=F3/$O$2,=F3*$N$2/$O$2,"=ROUND(H3,0)","=IFERROR(J2+I3,I3)","=IF(J3>365,0,I3)",,,,,,
3,=ROW(A4)-1, Arde Bogotá,70,,=SUM(D4:E4),=F4/$O$2,=F4*$N$2/$O$2,"=ROUND(H4,0)","=IFERROR(J3+I4,I4)","=IF(J4>365,0,I4)",,,,,,
4,=ROW(A5)-1, Caroline Polachek,68,,=SUM(D5:E5),=F5/$O$2,=F5*$N$2/$O$2,"=ROUND(H5,0)","=IFERROR(J4+I5,I5)","=IF(J5>365,0,I5)",,,,,,
5,=ROW(A6)-1, Eugenio,66,,=SUM(D6:E6),=F6/$O$2,=F6*$N$2/$O$2,"=ROUND(H6,0)","=IFERROR(J5+I6,I6)","=IF(J6>365,0,I6)",,,,,,
6,=ROW(A7)-1, Delaporte,58,,=SUM(D7:E7),=F7/$O$2,=F7*$N$2/$O$2,"=ROUND(H7,0)","=IFERROR(J6+I7,I7)","=IF(J7>365,0,I7)",,,,,,
7,=ROW(A8)-1, Weezer,57,,=SUM(D8:E8),=F8/$O$2,=F8*$N$2/$O$2,"=ROUND(H8,0)","=IFERROR(J7+I8,I8)","=IF(J8>365,0,I8)",,,,,,
8,=ROW(A9)-1, Elderbrook,56,,=SUM(D9:E9),=F9/$O$2,=F9*$N$2/$O$2,"=ROUND(H9,0)","=IFERROR(J8+I9,I9)","=IF(J9>365,0,I9)",,,,,,
9,=ROW(A10)-1, Modest Mouse,56,,=SUM(D10:E10),=F10/$O$2,=F10*$N$2/$O$2,"=ROUND(H10,0)","=IFERROR(J9+I10,I10)","=IF(J10>365,0,I10)",,,,,,
10,=ROW(A11)-1, Dinosaur Jr.,55,,=SUM(D11:E11),=F11/$O$2,=F11*$N$2/$O$2,"=ROUND(H11,0)","=IFERROR(J10+I11,I11)","=IF(J11>365,0,I11)",,,,,,
11,=ROW(A12)-1, Alizzz,54,,=SUM(D12:E12),=F12/$O$2,=F12*$N$2/$O$2,"=ROUND(H12,0)","=IFERROR(J11+I12,I12)","=IF(J12>365,0,I12)",,,,,,
12,=ROW(A13)-1, Kendrick Lamar,54,,=SUM(D13:E13),=F13/$O$2,=F13*$N$2/$O$2,"=ROUND(H13,0)","=IFERROR(J12+I13,I13)","=IF(J13>365,0,I13)",,,,,,
13,=ROW(A14)-1, Interpol,53,,=SUM(D14:E14),=F14/$O$2,=F14*$N$2/$O$2,"=ROUND(H14,0)","=IFERROR(J13+I14,I14)","=IF(J14>365,0,I14)",,,,,,
14,=ROW(A15)-1, Pixies,50,,=SUM(D15:E15),=F15/$O$2,=F15*$N$2/$O$2,"=ROUND(H15,0)","=IFERROR(J14+I15,I15)","=IF(J15>365,0,I15)",,,,,,
15,=ROW(A16)-1, PJ Harvey,48,,=SUM(D16:E16),=F16/$O$2,=F16*$N$2/$O$2,"=ROUND(H16,0)","=IFERROR(J15+I16,I16)","=IF(J16>365,0,I16)",,,,,,
16,=ROW(A17)-1, Snoop Dogg,48,,=SUM(D17:E17),=F17/$O$2,=F17*$N$2/$O$2,"=ROUND(H17,0)","=IFERROR(J16+I17,I17)","=IF(J17>365,0,I17)",,,,,,
17,=ROW(A18)-1, Neutral Milk Hotel,47,,=SUM(D18:E18),=F18/$O$2,=F18*$N$2/$O$2,"=ROUND(H18,0)","=IFERROR(J17+I18,I18)","=IF(J18>365,0,I18)",,,,,,
18,=ROW(A19)-1, Cala Vento,46,,=SUM(D19:E19),=F19/$O$2,=F19*$N$2/$O$2,"=ROUND(H19,0)","=IFERROR(J18+I19,I19)","=IF(J19>365,0,I19)",,,,,,
19,=ROW(A20)-1, Niños Mutantes,45,,=SUM(D20:E20),=F20/$O$2,=F20*$N$2/$O$2,"=ROUND(H20,0)","=IFERROR(J19+I20,I20)","=IF(J20>365,0,I20)",,,,,,
20,=ROW(A21)-1, Taylor Swift,44,,=SUM(D21:E21),=F21/$O$2,=F21*$N$2/$O$2,"=ROUND(H21,0)","=IFERROR(J20+I21,I21)","=IF(J21>365,0,I21)",,,,,,
21,=ROW(A22)-1, Georgia,43,,=SUM(D22:E22),=F22/$O$2,=F22*$N$2/$O$2,"=ROUND(H22,0)","=IFERROR(J21+I22,I22)","=IF(J22>365,0,I22)",,,,,,
22,=ROW(A23)-1, Tears for Fears,43,,=SUM(D23:E23),=F23/$O$2,=F23*$N$2/$O$2,"=ROUND(H23,0)","=IFERROR(J22+I23,I23)","=IF(J23>365,0,I23)",,,,,,
23,=ROW(A24)-1, Editors,38,,=SUM(D24:E24),=F24/$O$2,=F24*$N$2/$O$2,"=ROUND(H24,0)","=IFERROR(J23+I24,I24)","=IF(J24>365,0,I24)",,,,,,
24,=ROW(A25)-1, Phoenix,37,,=SUM(D25:E25),=F25/$O$2,=F25*$N$2/$O$2,"=ROUND(H25,0)","=IFERROR(J24+I25,I25)","=IF(J25>365,0,I25)",,,,,,
25,=ROW(A26)-1, The National,35,,=SUM(D26:E26),=F26/$O$2,=F26*$N$2/$O$2,"=ROUND(H26,0)","=IFERROR(J25+I26,I26)","=IF(J26>365,0,I26)",,,,,,
26,=ROW(A27)-1, Ginebras,34,,=SUM(D27:E27),=F27/$O$2,=F27*$N$2/$O$2,"=ROUND(H27,0)","=IFERROR(J26+I27,I27)","=IF(J27>365,0,I27)",,,,,,
27,=ROW(A28)-1, La Casa Azul,34,,=SUM(D28:E28),=F28/$O$2,=F28*$N$2/$O$2,"=ROUND(H28,0)","=IFERROR(J27+I28,I28)","=IF(J28>365,0,I28)",,,,,,
28,=ROW(A29)-1, L.A.,33,,=SUM(D29:E29),=F29/$O$2,=F29*$N$2/$O$2,"=ROUND(H29,0)","=IFERROR(J28+I29,I29)","=IF(J29>365,0,I29)",,,,,,
29,=ROW(A30)-1, The Jesus and Mary Chain,33,,=SUM(D30:E30),=F30/$O$2,=F30*$N$2/$O$2,"=ROUND(H30,0)","=IFERROR(J29+I30,I30)","=IF(J30>365,0,I30)",,,,,,
30,=ROW(A31)-1, Tame Impala,32,,=SUM(D31:E31),=F31/$O$2,=F31*$N$2/$O$2,"=ROUND(H31,0)","=IFERROR(J30+I31,I31)","=IF(J31>365,0,I31)",,,,,,
31,=ROW(A32)-1, Travis Scott,32,,=SUM(D32:E32),=F32/$O$2,=F32*$N$2/$O$2,"=ROUND(H32,0)","=IFERROR(J31+I32,I32)","=IF(J32>365,0,I32)",,,,,,
32,=ROW(A33)-1, Xoel López,32,,=SUM(D33:E33),=F33/$O$2,=F33*$N$2/$O$2,"=ROUND(H33,0)","=IFERROR(J32+I33,I33)","=IF(J33>365,0,I33)",,,,,,
33,=ROW(A34)-1, Aiko el grupo,31,,=SUM(D34:E34),=F34/$O$2,=F34*$N$2/$O$2,"=ROUND(H34,0)","=IFERROR(J33+I34,I34)","=IF(J34>365,0,I34)",,,,,,
34,=ROW(A35)-1, Pusha T,31,,=SUM(D35:E35),=F35/$O$2,=F35*$N$2/$O$2,"=ROUND(H35,0)","=IFERROR(J34+I35,I35)","=IF(J35>365,0,I35)",,,,,,
35,=ROW(A36)-1, Kavinsky,30,,=SUM(D36:E36),=F36/$O$2,=F36*$N$2/$O$2,"=ROUND(H36,0)","=IFERROR(J35+I36,I36)","=IF(J36>365,0,I36)",,,,,,
36,=ROW(A37)-1, Arcade Fire,29,,=SUM(D37:E37),=F37/$O$2,=F37*$N$2/$O$2,"=ROUND(H37,0)","=IFERROR(J36+I37,I37)","=IF(J37>365,0,I37)",,,,,,
37,=ROW(A38)-1, Fever Ray,29,,=SUM(D38:E38),=F38/$O$2,=F38*$N$2/$O$2,"=ROUND(H38,0)","=IFERROR(J37+I38,I38)","=IF(J38>365,0,I38)",,,,,,
38,=ROW(A39)-1, Future Islands,29,,=SUM(D39:E39),=F39/$O$2,=F39*$N$2/$O$2,"=ROUND(H39,0)","=IFERROR(J38+I39,I39)","=IF(J39>365,0,I39)",,,,,,
39,=ROW(A40)-1, León Benavente,29,,=SUM(D40:E40),=F40/$O$2,=F40*$N$2/$O$2,"=ROUND(H40,0)","=IFERROR(J39+I40,I40)","=IF(J40>365,0,I40)",,,,,,
40,=ROW(A41)-1, Sidonie,29,,=SUM(D41:E41),=F41/$O$2,=F41*$N$2/$O$2,"=ROUND(H41,0)","=IFERROR(J40+I41,I41)","=IF(J41>365,0,I41)",,,,,,
41,=ROW(A42)-1, Green Day,26,,=SUM(D42:E42),=F42/$O$2,=F42*$N$2/$O$2,"=ROUND(H42,0)","=IFERROR(J41+I42,I42)","=IF(J42>365,0,I42)",,,,,,
42,=ROW(A43)-1, alt-J,25,,=SUM(D43:E43),=F43/$O$2,=F43*$N$2/$O$2,"=ROUND(H43,0)","=IFERROR(J42+I43,I43)","=IF(J43>365,0,I43)",,,,,,
43,=ROW(A44)-1, HAIM,25,,=SUM(D44:E44),=F44/$O$2,=F44*$N$2/$O$2,"=ROUND(H44,0)","=IFERROR(J43+I44,I44)","=IF(J44>365,0,I44)",,,,,,
44,=ROW(A45)-1, The Blaze,25,,=SUM(D45:E45),=F45/$O$2,=F45*$N$2/$O$2,"=ROUND(H45,0)","=IFERROR(J44+I45,I45)","=IF(J45>365,0,I45)",,,,,,
45,=ROW(A46)-1, Cage the Elephant,24,,=SUM(D46:E46),=F46/$O$2,=F46*$N$2/$O$2,"=ROUND(H46,0)","=IFERROR(J45+I46,I46)","=IF(J46>365,0,I46)",,,,,,
46,=ROW(A47)-1, LCD Soundsystem,24,,=SUM(D47:E47),=F47/$O$2,=F47*$N$2/$O$2,"=ROUND(H47,0)","=IFERROR(J46+I47,I47)","=IF(J47>365,0,I47)",,,,,,
47,=ROW(A48)-1, London Grammar,24,,=SUM(D48:E48),=F48/$O$2,=F48*$N$2/$O$2,"=ROUND(H48,0)","=IFERROR(J47+I48,I48)","=IF(J48>365,0,I48)",,,,,,
48,=ROW(A49)-1, Belle and Sebastian,23,,=SUM(D49:E49),=F49/$O$2,=F49*$N$2/$O$2,"=ROUND(H49,0)","=IFERROR(J48+I49,I49)","=IF(J49>365,0,I49)",,,,,,
49,=ROW(A50)-1, Everything Everything,23,,=SUM(D50:E50),=F50/$O$2,=F50*$N$2/$O$2,"=ROUND(H50,0)","=IFERROR(J49+I50,I50)","=IF(J50>365,0,I50)",,,,,,
50,=ROW(A51)-1, Manel,23,,=SUM(D51:E51),=F51/$O$2,=F51*$N$2/$O$2,"=ROUND(H51,0)","=IFERROR(J50+I51,I51)","=IF(J51>365,0,I51)",,,,,,
51,=ROW(A52)-1,The Smiths,23,,=SUM(D52:E52),=F52/$O$2,=F52*$N$2/$O$2,"=ROUND(H52,0)","=IFERROR(J51+I52,I52)","=IF(J52>365,0,I52)",,,,,,
52,=ROW(A53)-1, Fontaines D.C.,22,,=SUM(D53:E53),=F53/$O$2,=F53*$N$2/$O$2,"=ROUND(H53,0)","=IFERROR(J52+I53,I53)","=IF(J53>365,0,I53)",,,,,,
53,=ROW(A54)-1, Tom Petty and The Heartbreakers,22,,=SUM(D54:E54),=F54/$O$2,=F54*$N$2/$O$2,"=ROUND(H54,0)","=IFERROR(J53+I54,I54)","=IF(J54>365,0,I54)",,,,,,
54,=ROW(A55)-1, Big Thief,21,,=SUM(D55:E55),=F55/$O$2,=F55*$N$2/$O$2,"=ROUND(H55,0)","=IFERROR(J54+I55,I55)","=IF(J55>365,0,I55)",,,,,,
55,=ROW(A56)-1, Chairlift,21,,=SUM(D56:E56),=F56/$O$2,=F56*$N$2/$O$2,"=ROUND(H56,0)","=IFERROR(J55+I56,I56)","=IF(J56>365,0,I56)",,,,,,
56,=ROW(A57)-1, Hot Chip,21,,=SUM(D57:E57),=F57/$O$2,=F57*$N$2/$O$2,"=ROUND(H57,0)","=IFERROR(J56+I57,I57)","=IF(J57>365,0,I57)",,,,,,
57,=ROW(A58)-1, James Blake,21,,=SUM(D58:E58),=F58/$O$2,=F58*$N$2/$O$2,"=ROUND(H58,0)","=IFERROR(J57+I58,I58)","=IF(J58>365,0,I58)",,,,,,
58,=ROW(A59)-1, Los Punsetes,21,,=SUM(D59:E59),=F59/$O$2,=F59*$N$2/$O$2,"=ROUND(H59,0)","=IFERROR(J58+I59,I59)","=IF(J59>365,0,I59)",,,,,,
59,=ROW(A60)-1, Rodrigo Cuevas,21,,=SUM(D60:E60),=F60/$O$2,=F60*$N$2/$O$2,"=ROUND(H60,0)","=IFERROR(J59+I60,I60)","=IF(J60>365,0,I60)",,,,,,
60,=ROW(A61)-1, Built to Spill,20,,=SUM(D61:E61),=F61/$O$2,=F61*$N$2/$O$2,"=ROUND(H61,0)","=IFERROR(J60+I61,I61)","=IF(J61>365,0,I61)",,,,,,
61,=ROW(A62)-1, Joe Goddard,20,,=SUM(D62:E62),=F62/$O$2,=F62*$N$2/$O$2,"=ROUND(H62,0)","=IFERROR(J61+I62,I62)","=IF(J62>365,0,I62)",,,,,,
62,=ROW(A63)-1, New Order,20,,=SUM(D63:E63),=F63/$O$2,=F63*$N$2/$O$2,"=ROUND(H63,0)","=IFERROR(J62+I63,I63)","=IF(J63>365,0,I63)",,,,,,
63,=ROW(A64)-1, TV on the Radio,20,,=SUM(D64:E64),=F64/$O$2,=F64*$N$2/$O$2,"=ROUND(H64,0)","=IFERROR(J63+I64,I64)","=IF(J64>365,0,I64)",,,,,,
64,=ROW(A65)-1, Yeah Yeah Yeahs,20,,=SUM(D65:E65),=F65/$O$2,=F65*$N$2/$O$2,"=ROUND(H65,0)","=IFERROR(J64+I65,I65)","=IF(J65>365,0,I65)",,,,,,
65,=ROW(A66)-1, Hercules & Love Affair,19,,=SUM(D66:E66),=F66/$O$2,=F66*$N$2/$O$2,"=ROUND(H66,0)","=IFERROR(J65+I66,I66)","=IF(J66>365,0,I66)",,,,,,
66,=ROW(A67)-1, Jessie Ware,19,,=SUM(D67:E67),=F67/$O$2,=F67*$N$2/$O$2,"=ROUND(H67,0)","=IFERROR(J66+I67,I67)","=IF(J67>365,0,I67)",,,,,,
67,=ROW(A68)-1, Shinova,19,,=SUM(D68:E68),=F68/$O$2,=F68*$N$2/$O$2,"=ROUND(H68,0)","=IFERROR(J67+I68,I68)","=IF(J68>365,0,I68)",,,,,,
68,=ROW(A69)-1, baiuca,18,,=SUM(D69:E69),=F69/$O$2,=F69*$N$2/$O$2,"=ROUND(H69,0)","=IFERROR(J68+I69,I69)","=IF(J69>365,0,I69)",,,,,,
69,=ROW(A70)-1, Christine and the Queens,18,,=SUM(D70:E70),=F70/$O$2,=F70*$N$2/$O$2,"=ROUND(H70,0)","=IFERROR(J69+I70,I70)","=IF(J70>365,0,I70)",,,,,,
70,=ROW(A71)-1, Death Cab for Cutie,18,,=SUM(D71:E71),=F71/$O$2,=F71*$N$2/$O$2,"=ROUND(H71,0)","=IFERROR(J70+I71,I71)","=IF(J71>365,0,I71)",,,,,,
71,=ROW(A72)-1, Queralt Lahoz,18,,=SUM(D72:E72),=F72/$O$2,=F72*$N$2/$O$2,"=ROUND(H72,0)","=IFERROR(J71+I72,I72)","=IF(J72>365,0,I72)",,,,,,
72,=ROW(A73)-1, Repion,18,,=SUM(D73:E73),=F73/$O$2,=F73*$N$2/$O$2,"=ROUND(H73,0)","=IFERROR(J72+I73,I73)","=IF(J73>365,0,I73)",,,,,,
73,=ROW(A74)-1, Run the Jewels,18,,=SUM(D74:E74),=F74/$O$2,=F74*$N$2/$O$2,"=ROUND(H74,0)","=IFERROR(J73+I74,I74)","=IF(J74>365,0,I74)",,,,,,
74,=ROW(A75)-1, Wild Nothing,18,,=SUM(D75:E75),=F75/$O$2,=F75*$N$2/$O$2,"=ROUND(H75,0)","=IFERROR(J74+I75,I75)","=IF(J75>365,0,I75)",,,,,,
75,=ROW(A76)-1, Charli xcx,17,,=SUM(D76:E76),=F76/$O$2,=F76*$N$2/$O$2,"=ROUND(H76,0)","=IFERROR(J75+I76,I76)","=IF(J76>365,0,I76)",,,,,,
76,=ROW(A77)-1, Izal,17,,=SUM(D77:E77),=F77/$O$2,=F77*$N$2/$O$2,"=ROUND(H77,0)","=IFERROR(J76+I77,I77)","=IF(J77>365,0,I77)",,,,,,
77,=ROW(A78)-1, Real Estate,17,,=SUM(D78:E78),=F78/$O$2,=F78*$N$2/$O$2,"=ROUND(H78,0)","=IFERROR(J77+I78,I78)","=IF(J78>365,0,I78)",,,,,,
78,=ROW(A79)-1, Carolina Durante,16,,=SUM(D79:E79),=F79/$O$2,=F79*$N$2/$O$2,"=ROUND(H79,0)","=IFERROR(J78+I79,I79)","=IF(J79>365,0,I79)",,,,,,
79,=ROW(A80)-1, Paul Simon,16,,=SUM(D80:E80),=F80/$O$2,=F80*$N$2/$O$2,"=ROUND(H80,0)","=IFERROR(J79+I80,I80)","=IF(J80>365,0,I80)",,,,,,
80,=ROW(A81)-1, Röyksopp,16,,=SUM(D81:E81),=F81/$O$2,=F81*$N$2/$O$2,"=ROUND(H81,0)","=IFERROR(J80+I81,I81)","=IF(J81>365,0,I81)",,,,,,
81,=ROW(A82)-1, viscopaf,16,,=SUM(D82:E82),=F82/$O$2,=F82*$N$2/$O$2,"=ROUND(H82,0)","=IFERROR(J81+I82,I82)","=IF(J82>365,0,I82)",,,,,,
82,=ROW(A83)-1, Akira The Don,15,,=SUM(D83:E83),=F83/$O$2,=F83*$N$2/$O$2,"=ROUND(H83,0)","=IFERROR(J82+I83,I83)","=IF(J83>365,0,I83)",,,,,,
83,=ROW(A84)-1, Camellos,15,,=SUM(D84:E84),=F84/$O$2,=F84*$N$2/$O$2,"=ROUND(H84,0)","=IFERROR(J83+I84,I84)","=IF(J84>365,0,I84)",,,,,,
84,=ROW(A85)-1,s Burrito Kachimba,15,,=SUM(D85:E85),=F85/$O$2,=F85*$N$2/$O$2,"=ROUND(H85,0)","=IFERROR(J84+I85,I85)","=IF(J85>365,0,I85)",,,,,,
85,=ROW(A86)-1, Laufey,15,,=SUM(D86:E86),=F86/$O$2,=F86*$N$2/$O$2,"=ROUND(H86,0)","=IFERROR(J85+I86,I86)","=IF(J86>365,0,I86)",,,,,,
86,=ROW(A87)-1, Mujeres,15,,=SUM(D87:E87),=F87/$O$2,=F87*$N$2/$O$2,"=ROUND(H87,0)","=IFERROR(J86+I87,I87)","=IF(J87>365,0,I87)",,,,,,
87,=ROW(A88)-1, Supersubmarina,15,,=SUM(D88:E88),=F88/$O$2,=F88*$N$2/$O$2,"=ROUND(H88,0)","=IFERROR(J87+I88,I88)","=IF(J88>365,0,I88)",,,,,,
88,=ROW(A89)-1, The Hold Steady,15,,=SUM(D89:E89),=F89/$O$2,=F89*$N$2/$O$2,"=ROUND(H89,0)","=IFERROR(J88+I89,I89)","=IF(J89>365,0,I89)",,,,,,
89,=ROW(A90)-1, Caribou,14,,=SUM(D90:E90),=F90/$O$2,=F90*$N$2/$O$2,"=ROUND(H90,0)","=IFERROR(J89+I90,I90)","=IF(J90>365,0,I90)",,,,,,
90,=ROW(A91)-1, FKA twigs,14,,=SUM(D91:E91),=F91/$O$2,=F91*$N$2/$O$2,"=ROUND(H91,0)","=IFERROR(J90+I91,I91)","=IF(J91>365,0,I91)",,,,,,
91,=ROW(A92)-1, Jessica Pratt,14,,=SUM(D92:E92),=F92/$O$2,=F92*$N$2/$O$2,"=ROUND(H92,0)","=IFERROR(J91+I92,I92)","=IF(J92>365,0,I92)",,,,,,
92,=ROW(A93)-1, Ladytron,14,,=SUM(D93:E93),=F93/$O$2,=F93*$N$2/$O$2,"=ROUND(H93,0)","=IFERROR(J92+I93,I93)","=IF(J93>365,0,I93)",,,,,,
93,=ROW(A94)-1, The Cure,14,,=SUM(D94:E94),=F94/$O$2,=F94*$N$2/$O$2,"=ROUND(H94,0)","=IFERROR(J93+I94,I94)","=IF(J94>365,0,I94)",,,,,,
94,=ROW(A95)-1, Todd Terje,14,,=SUM(D95:E95),=F95/$O$2,=F95*$N$2/$O$2,"=ROUND(H95,0)","=IFERROR(J94+I95,I95)","=IF(J95>365,0,I95)",,,,,,
95,=ROW(A96)-1, Tricky,14,,=SUM(D96:E96),=F96/$O$2,=F96*$N$2/$O$2,"=ROUND(H96,0)","=IFERROR(J95+I96,I96)","=IF(J96>365,0,I96)",,,,,,
96,=ROW(A97)-1, Waxahatchee,14,,=SUM(D97:E97),=F97/$O$2,=F97*$N$2/$O$2,"=ROUND(H97,0)","=IFERROR(J96+I97,I97)","=IF(J97>365,0,I97)",,,,,,
97,=ROW(A98)-1, Amaral,13,,=SUM(D98:E98),=F98/$O$2,=F98*$N$2/$O$2,"=ROUND(H98,0)","=IFERROR(J97+I98,I98)","=IF(J98>365,0,I98)",,,,,,
98,=ROW(A99)-1, Father John Misty,13,,=SUM(D99:E99),=F99/$O$2,=F99*$N$2/$O$2,"=ROUND(H99,0)","=IFERROR(J98+I99,I99)","=IF(J99>365,0,I99)",,,,,,
99,=ROW(A100)-1, Grimes,13,,=SUM(D100:E100),=F100/$O$2,=F100*$N$2/$O$2,"=ROUND(H100,0)","=IFERROR(J99+I100,I100)","=IF(J100>365,0,I100)",,,,,,
100,=ROW(A101)-1,La Maravillosa Orquesta del Alcohol,13,,=SUM(D101:E101),=F101/$O$2,=F101*$N$2/$O$2,"=ROUND(H101,0)","=IFERROR(J100+I101,I101)","=IF(J101>365,0,I101)",,,,,,
101,=ROW(A102)-1, Radiohead,13,,=SUM(D102:E102),=F102/$O$2,=F102*$N$2/$O$2,"=ROUND(H102,0)","=IFERROR(J101+I102,I102)","=IF(J102>365,0,I102)",,,,,,
102,=ROW(A103)-1, The New Pornographers,13,,=SUM(D103:E103),=F103/$O$2,=F103*$N$2/$O$2,"=ROUND(H103,0)","=IFERROR(J102+I103,I103)","=IF(J103>365,0,I103)",,,,,,
103,=ROW(A104)-1, The Psychedelic Furs,13,,=SUM(D104:E104),=F104/$O$2,=F104*$N$2/$O$2,"=ROUND(H104,0)","=IFERROR(J103+I104,I104)","=IF(J104>365,0,I104)",,,,,,
104,=ROW(A105)-1, Viva Suecia,13,,=SUM(D105:E105),=F105/$O$2,=F105*$N$2/$O$2,"=ROUND(H105,0)","=IFERROR(J104+I105,I105)","=IF(J105>365,0,I105)",,,,,,
105,=ROW(A106)-1, Young Fathers,13,,=SUM(D106:E106),=F106/$O$2,=F106*$N$2/$O$2,"=ROUND(H106,0)","=IFERROR(J105+I106,I106)","=IF(J106>365,0,I106)",,,,,,
106,=ROW(A107)-1, Alcalá Norte,12,,=SUM(D107:E107),=F107/$O$2,=F107*$N$2/$O$2,"=ROUND(H107,0)","=IFERROR(J106+I107,I107)","=IF(J107>365,0,I107)",,,,,,
107,=ROW(A108)-1, Blue Öyster Cult,12,,=SUM(D108:E108),=F108/$O$2,=F108*$N$2/$O$2,"=ROUND(H108,0)","=IFERROR(J107+I108,I108)","=IF(J108>365,0,I108)",,,,,,
108,=ROW(A109)-1, Glass Animals,12,,=SUM(D109:E109),=F109/$O$2,=F109*$N$2/$O$2,"=ROUND(H109,0)","=IFERROR(J108+I109,I109)","=IF(J109>365,0,I109)",,,,,,
109,=ROW(A110)-1, Hinds,12,,=SUM(D110:E110),=F110/$O$2,=F110*$N$2/$O$2,"=ROUND(H110,0)","=IFERROR(J109+I110,I110)","=IF(J110>365,0,I110)",,,,,,
110,=ROW(A111)-1, Maximo Park,12,,=SUM(D111:E111),=F111/$O$2,=F111*$N$2/$O$2,"=ROUND(H111,0)","=IFERROR(J110+I111,I111)","=IF(J111>365,0,I111)",,,,,,
111,=ROW(A112)-1, Nick Cave & the Bad Seeds,12,,=SUM(D112:E112),=F112/$O$2,=F112*$N$2/$O$2,"=ROUND(H112,0)","=IFERROR(J111+I112,I112)","=IF(J112>365,0,I112)",,,,,,
112,=ROW(A113)-1, Olivia Rodrigo,12,,=SUM(D113:E113),=F113/$O$2,=F113*$N$2/$O$2,"=ROUND(H113,0)","=IFERROR(J112+I113,I113)","=IF(J113>365,0,I113)",,,,,,
113,=ROW(A114)-1, Reddgr,12,,=SUM(D114:E114),=F114/$O$2,=F114*$N$2/$O$2,"=ROUND(H114,0)","=IFERROR(J113+I114,I114)","=IF(J114>365,0,I114)",,,,,,
114,=ROW(A115)-1, Suede,12,,=SUM(D115:E115),=F115/$O$2,=F115*$N$2/$O$2,"=ROUND(H115,0)","=IFERROR(J114+I115,I115)","=IF(J115>365,0,I115)",,,,,,
115,=ROW(A116)-1, Temples,12,,=SUM(D116:E116),=F116/$O$2,=F116*$N$2/$O$2,"=ROUND(H116,0)","=IFERROR(J115+I116,I116)","=IF(J116>365,0,I116)",,,,,,
116,=ROW(A117)-1, The Vaccines,12,,=SUM(D117:E117),=F117/$O$2,=F117*$N$2/$O$2,"=ROUND(H117,0)","=IFERROR(J116+I117,I117)","=IF(J117>365,0,I117)",,,,,,
117,=ROW(A118)-1, Two Door Cinema Club,12,,=SUM(D118:E118),=F118/$O$2,=F118*$N$2/$O$2,"=ROUND(H118,0)","=IFERROR(J117+I118,I118)","=IF(J118>365,0,I118)",,,,,,
118,=ROW(A119)-1, Vampire Weekend,12,,=SUM(D119:E119),=F119/$O$2,=F119*$N$2/$O$2,"=ROUND(H119,0)","=IFERROR(J118+I119,I119)","=IF(J119>365,0,I119)",,,,,,
119,=ROW(A120)-1, Villagers,12,,=SUM(D120:E120),=F120/$O$2,=F120*$N$2/$O$2,"=ROUND(H120,0)","=IFERROR(J119+I120,I120)","=IF(J120>365,0,I120)",,,,,,
120,=ROW(A121)-1, Adrianne Lenker,11,,=SUM(D121:E121),=F121/$O$2,=F121*$N$2/$O$2,"=ROUND(H121,0)","=IFERROR(J120+I121,I121)","=IF(J121>365,0,I121)",,,,,,
121,=ROW(A122)-1, Cariño,11,,=SUM(D122:E122),=F122/$O$2,=F122*$N$2/$O$2,"=ROUND(H122,0)","=IFERROR(J121+I122,I122)","=IF(J122>365,0,I122)",,,,,,
122,=ROW(A123)-1, Ceo,11,,=SUM(D123:E123),=F123/$O$2,=F123*$N$2/$O$2,"=ROUND(H123,0)","=IFERROR(J122+I123,I123)","=IF(J123>365,0,I123)",,,,,,
123,=ROW(A124)-1, Debby Friday,11,,=SUM(D124:E124),=F124/$O$2,=F124*$N$2/$O$2,"=ROUND(H124,0)","=IFERROR(J123+I124,I124)","=IF(J124>365,0,I124)",,,,,,
124,=ROW(A125)-1, Jack White,11,,=SUM(D125:E125),=F125/$O$2,=F125*$N$2/$O$2,"=ROUND(H125,0)","=IFERROR(J124+I125,I125)","=IF(J125>365,0,I125)",,,,,,
125,=ROW(A126)-1, Kream,11,,=SUM(D126:E126),=F126/$O$2,=F126*$N$2/$O$2,"=ROUND(H126,0)","=IFERROR(J125+I126,I126)","=IF(J126>365,0,I126)",,,,,,
126,=ROW(A127)-1, La La Love You,11,,=SUM(D127:E127),=F127/$O$2,=F127*$N$2/$O$2,"=ROUND(H127,0)","=IFERROR(J126+I127,I127)","=IF(J127>365,0,I127)",,,,,,
127,=ROW(A128)-1, Local Natives,11,,=SUM(D128:E128),=F128/$O$2,=F128*$N$2/$O$2,"=ROUND(H128,0)","=IFERROR(J127+I128,I128)","=IF(J128>365,0,I128)",,,,,,
128,=ROW(A129)-1, MGMT,11,,=SUM(D129:E129),=F129/$O$2,=F129*$N$2/$O$2,"=ROUND(H129,0)","=IFERROR(J128+I129,I129)","=IF(J129>365,0,I129)",,,,,,
129,=ROW(A130)-1, Mikel Izal,11,,=SUM(D130:E130),=F130/$O$2,=F130*$N$2/$O$2,"=ROUND(H130,0)","=IFERROR(J129+I130,I130)","=IF(J130>365,0,I130)",,,,,,
130,=ROW(A131)-1, Nudozurdo,11,,=SUM(D131:E131),=F131/$O$2,=F131*$N$2/$O$2,"=ROUND(H131,0)","=IFERROR(J130+I131,I131)","=IF(J131>365,0,I131)",,,,,,
131,=ROW(A132)-1, Red Hot Chili Peppers,11,,=SUM(D132:E132),=F132/$O$2,=F132*$N$2/$O$2,"=ROUND(H132,0)","=IFERROR(J131+I132,I132)","=IF(J132>365,0,I132)",,,,,,
132,=ROW(A133)-1, Sunny Day Real Estate,11,,=SUM(D133:E133),=F133/$O$2,=F133*$N$2/$O$2,"=ROUND(H133,0)","=IFERROR(J132+I133,I133)","=IF(J133>365,0,I133)",,,,,,
133,=ROW(A134)-1, The Tough Alliance,11,,=SUM(D134:E134),=F134/$O$2,=F134*$N$2/$O$2,"=ROUND(H134,0)","=IFERROR(J133+I134,I134)","=IF(J134>365,0,I134)",,,,,,
134,=ROW(A135)-1, The Walkmen,11,,=SUM(D135:E135),=F135/$O$2,=F135*$N$2/$O$2,"=ROUND(H135,0)","=IFERROR(J134+I135,I135)","=IF(J135>365,0,I135)",,,,,,
135,=ROW(A136)-1, The Weeknd,11,,=SUM(D136:E136),=F136/$O$2,=F136*$N$2/$O$2,"=ROUND(H136,0)","=IFERROR(J135+I136,I136)","=IF(J136>365,0,I136)",,,,,,
136,=ROW(A137)-1, Veintiuno,11,,=SUM(D137:E137),=F137/$O$2,=F137*$N$2/$O$2,"=ROUND(H137,0)","=IFERROR(J136+I137,I137)","=IF(J137>365,0,I137)",,,,,,
137,=ROW(A138)-1, Wu-Tang Clan,11,,=SUM(D138:E138),=F138/$O$2,=F138*$N$2/$O$2,"=ROUND(H138,0)","=IFERROR(J137+I138,I138)","=IF(J138>365,0,I138)",,,,,,
138,=ROW(A139)-1, Animal Collective,10,,=SUM(D139:E139),=F139/$O$2,=F139*$N$2/$O$2,"=ROUND(H139,0)","=IFERROR(J138+I139,I139)","=IF(J139>365,0,I139)",,,,,,
139,=ROW(A140)-1, CHVRCHES,10,,=SUM(D140:E140),=F140/$O$2,=F140*$N$2/$O$2,"=ROUND(H140,0)","=IFERROR(J139+I140,I140)","=IF(J140>365,0,I140)",,,,,,
140,=ROW(A141)-1, Fountains of Wayne,10,,=SUM(D141:E141),=F141/$O$2,=F141*$N$2/$O$2,"=ROUND(H141,0)","=IFERROR(J140+I141,I141)","=IF(J141>365,0,I141)",,,,,,
141,=ROW(A142)-1, Hurray For The Riff Raff,10,,=SUM(D142:E142),=F142/$O$2,=F142*$N$2/$O$2,"=ROUND(H142,0)","=IFERROR(J141+I142,I142)","=IF(J142>365,0,I142)",,,,,,
142,=ROW(A143)-1, Lori Meyers,10,,=SUM(D143:E143),=F143/$O$2,=F143*$N$2/$O$2,"=ROUND(H143,0)","=IFERROR(J142+I143,I143)","=IF(J143>365,0,I143)",,,,,,
143,=ROW(A144)-1, Los Estanques,10,,=SUM(D144:E144),=F144/$O$2,=F144*$N$2/$O$2,"=ROUND(H144,0)","=IFERROR(J143+I144,I144)","=IF(J144>365,0,I144)",,,,,,
144,=ROW(A145)-1, Ojete Calor,10,,=SUM(D145:E145),=F145/$O$2,=F145*$N$2/$O$2,"=ROUND(H145,0)","=IFERROR(J144+I145,I145)","=IF(J145>365,0,I145)",,,,,,
145,=ROW(A146)-1, Primal Scream,10,,=SUM(D146:E146),=F146/$O$2,=F146*$N$2/$O$2,"=ROUND(H146,0)","=IFERROR(J145+I146,I146)","=IF(J146>365,0,I146)",,,,,,
146,=ROW(A147)-1, Prince,10,,=SUM(D147:E147),=F147/$O$2,=F147*$N$2/$O$2,"=ROUND(H147,0)","=IFERROR(J146+I147,I147)","=IF(J147>365,0,I147)",,,,,,
147,=ROW(A148)-1, Rufus T. Firefly,10,,=SUM(D148:E148),=F148/$O$2,=F148*$N$2/$O$2,"=ROUND(H148,0)","=IFERROR(J147+I148,I148)","=IF(J148>365,0,I148)",,,,,,
148,=ROW(A149)-1, Standstill,10,,=SUM(D149:E149),=F149/$O$2,=F149*$N$2/$O$2,"=ROUND(H149,0)","=IFERROR(J148+I149,I149)","=IF(J149>365,0,I149)",,,,,,
149,=ROW(A150)-1, Sufjan Stevens,10,,=SUM(D150:E150),=F150/$O$2,=F150*$N$2/$O$2,"=ROUND(H150,0)","=IFERROR(J149+I150,I150)","=IF(J150>365,0,I150)",,,,,,
150,=ROW(A151)-1,The Libertines,10,,=SUM(D151:E151),=F151/$O$2,=F151*$N$2/$O$2,"=ROUND(H151,0)","=IFERROR(J150+I151,I151)","=IF(J151>365,0,I151)",,,,,,
151,=ROW(A152)-1, Vitalic,10,,=SUM(D152:E152),=F152/$O$2,=F152*$N$2/$O$2,"=ROUND(H152,0)","=IFERROR(J151+I152,I152)","=IF(J152>365,0,I152)",,,,,,
152,=ROW(A153)-1,AP Rocky,9,,=SUM(D153:E153),=F153/$O$2,=F153*$N$2/$O$2,"=ROUND(H153,0)","=IFERROR(J152+I153,I153)","=IF(J153>365,0,I153)",,,,,,
153,=ROW(A154)-1, Blonde Redhead,9,,=SUM(D154:E154),=F154/$O$2,=F154*$N$2/$O$2,"=ROUND(H154,0)","=IFERROR(J153+I154,I154)","=IF(J154>365,0,I154)",,,,,,
154,=ROW(A155)-1, Blood Orange,9,,=SUM(D155:E155),=F155/$O$2,=F155*$N$2/$O$2,"=ROUND(H155,0)","=IFERROR(J154+I155,I155)","=IF(J155>365,0,I155)",,,,,,
155,=ROW(A156)-1, Danny Brown,9,,=SUM(D156:E156),=F156/$O$2,=F156*$N$2/$O$2,"=ROUND(H156,0)","=IFERROR(J155+I156,I156)","=IF(J156>365,0,I156)",,,,,,
156,=ROW(A157)-1, Dry Cleaning,9,,=SUM(D157:E157),=F157/$O$2,=F157*$N$2/$O$2,"=ROUND(H157,0)","=IFERROR(J156+I157,I157)","=IF(J157>365,0,I157)",,,,,,
157,=ROW(A158)-1, Ezra Furman,9,,=SUM(D158:E158),=F158/$O$2,=F158*$N$2/$O$2,"=ROUND(H158,0)","=IFERROR(J157+I158,I158)","=IF(J158>365,0,I158)",,,,,,
158,=ROW(A159)-1, Joy Division,9,,=SUM(D159:E159),=F159/$O$2,=F159*$N$2/$O$2,"=ROUND(H159,0)","=IFERROR(J158+I159,I159)","=IF(J159>365,0,I159)",,,,,,
159,=ROW(A160)-1, Julio Iglesias,9,,=SUM(D160:E160),=F160/$O$2,=F160*$N$2/$O$2,"=ROUND(H160,0)","=IFERROR(J159+I160,I160)","=IF(J160>365,0,I160)",,,,,,
160,=ROW(A161)-1, La Paloma,9,,=SUM(D161:E161),=F161/$O$2,=F161*$N$2/$O$2,"=ROUND(H161,0)","=IFERROR(J160+I161,I161)","=IF(J161>365,0,I161)",,,,,,
161,=ROW(A162)-1, Mannequin Pussy,9,,=SUM(D162:E162),=F162/$O$2,=F162*$N$2/$O$2,"=ROUND(H162,0)","=IFERROR(J161+I162,I162)","=IF(J162>365,0,I162)",,,,,,
162,=ROW(A163)-1, Miss Caffeina,9,,=SUM(D163:E163),=F163/$O$2,=F163*$N$2/$O$2,"=ROUND(H163,0)","=IFERROR(J162+I163,I163)","=IF(J163>365,0,I163)",,,,,,
163,=ROW(A164)-1, MJ Lenderman,9,,=SUM(D164:E164),=F164/$O$2,=F164*$N$2/$O$2,"=ROUND(H164,0)","=IFERROR(J163+I164,I164)","=IF(J164>365,0,I164)",,,,,,
164,=ROW(A165)-1, Nilüfer Yanya,9,,=SUM(D165:E165),=F165/$O$2,=F165*$N$2/$O$2,"=ROUND(H165,0)","=IFERROR(J164+I165,I165)","=IF(J165>365,0,I165)",,,,,,
165,=ROW(A166)-1, Pipiolas,9,,=SUM(D166:E166),=F166/$O$2,=F166*$N$2/$O$2,"=ROUND(H166,0)","=IFERROR(J165+I166,I166)","=IF(J166>365,0,I166)",,,,,,
166,=ROW(A167)-1, Querido,9,,=SUM(D167:E167),=F167/$O$2,=F167*$N$2/$O$2,"=ROUND(H167,0)","=IFERROR(J166+I167,I167)","=IF(J167>365,0,I167)",,,,,,
167,=ROW(A168)-1, Sharon Van Etten,9,,=SUM(D168:E168),=F168/$O$2,=F168*$N$2/$O$2,"=ROUND(H168,0)","=IFERROR(J167+I168,I168)","=IF(J168>365,0,I168)",,,,,,
168,=ROW(A169)-1, The Afghan Whigs,9,,=SUM(D169:E169),=F169/$O$2,=F169*$N$2/$O$2,"=ROUND(H169,0)","=IFERROR(J168+I169,I169)","=IF(J169>365,0,I169)",,,,,,
169,=ROW(A170)-1, The Clash,9,,=SUM(D170:E170),=F170/$O$2,=F170*$N$2/$O$2,"=ROUND(H170,0)","=IFERROR(J169+I170,I170)","=IF(J170>365,0,I170)",,,,,,
170,=ROW(A171)-1, The Decemberists,9,,=SUM(D171:E171),=F171/$O$2,=F171*$N$2/$O$2,"=ROUND(H171,0)","=IFERROR(J170+I171,I171)","=IF(J171>365,0,I171)",,,,,,
171,=ROW(A172)-1, The Flaming Lips,9,,=SUM(D172:E172),=F172/$O$2,=F172*$N$2/$O$2,"=ROUND(H172,0)","=IFERROR(J171+I172,I172)","=IF(J172>365,0,I172)",,,,,,
172,=ROW(A173)-1, The Killers,9,,=SUM(D173:E173),=F173/$O$2,=F173*$N$2/$O$2,"=ROUND(H173,0)","=IFERROR(J172+I173,I173)","=IF(J173>365,0,I173)",,,,,,
173,=ROW(A174)-1, The Maccabees,9,,=SUM(D174:E174),=F174/$O$2,=F174*$N$2/$O$2,"=ROUND(H174,0)","=IFERROR(J173+I174,I174)","=IF(J174>365,0,I174)",,,,,,
174,=ROW(A175)-1, Unknown Mortal Orchestra,9,,=SUM(D175:E175),=F175/$O$2,=F175*$N$2/$O$2,"=ROUND(H175,0)","=IFERROR(J174+I175,I175)","=IF(J175>365,0,I175)",,,,,,
175,=ROW(A176)-1, Alkaline Trio,8,,=SUM(D176:E176),=F176/$O$2,=F176*$N$2/$O$2,"=ROUND(H176,0)","=IFERROR(J175+I176,I176)","=IF(J176>365,0,I176)",,,,,,
176,=ROW(A177)-1, Angel Stanich,8,,=SUM(D177:E177),=F177/$O$2,=F177*$N$2/$O$2,"=ROUND(H177,0)","=IFERROR(J176+I177,I177)","=IF(J177>365,0,I177)",,,,,,
177,=ROW(A178)-1, Beth Gibbons,8,,=SUM(D178:E178),=F178/$O$2,=F178*$N$2/$O$2,"=ROUND(H178,0)","=IFERROR(J177+I178,I178)","=IF(J178>365,0,I178)",,,,,,
178,=ROW(A179)-1, Big Special,8,,=SUM(D179:E179),=F179/$O$2,=F179*$N$2/$O$2,"=ROUND(H179,0)","=IFERROR(J178+I179,I179)","=IF(J179>365,0,I179)",,,,,,
179,=ROW(A180)-1, Bodega,8,,=SUM(D180:E180),=F180/$O$2,=F180*$N$2/$O$2,"=ROUND(H180,0)","=IFERROR(J179+I180,I180)","=IF(J180>365,0,I180)",,,,,,
180,=ROW(A181)-1, Cameo,8,,=SUM(D181:E181),=F181/$O$2,=F181*$N$2/$O$2,"=ROUND(H181,0)","=IFERROR(J180+I181,I181)","=IF(J181>365,0,I181)",,,,,,
181,=ROW(A182)-1, Car Seat Headrest,8,,=SUM(D182:E182),=F182/$O$2,=F182*$N$2/$O$2,"=ROUND(H182,0)","=IFERROR(J181+I182,I182)","=IF(J182>365,0,I182)",,,,,,
182,=ROW(A183)-1, Daft Punk,8,,=SUM(D183:E183),=F183/$O$2,=F183*$N$2/$O$2,"=ROUND(H183,0)","=IFERROR(J182+I183,I183)","=IF(J183>365,0,I183)",,,,,,
183,=ROW(A184)-1, Dorian,8,,=SUM(D184:E184),=F184/$O$2,=F184*$N$2/$O$2,"=ROUND(H184,0)","=IFERROR(J183+I184,I184)","=IF(J184>365,0,I184)",,,,,,
184,=ROW(A185)-1, Everything But the Girl,8,,=SUM(D185:E185),=F185/$O$2,=F185*$N$2/$O$2,"=ROUND(H185,0)","=IFERROR(J184+I185,I185)","=IF(J185>365,0,I185)",,,,,,
185,=ROW(A186)-1, the Machine,8,,=SUM(D186:E186),=F186/$O$2,=F186*$N$2/$O$2,"=ROUND(H186,0)","=IFERROR(J185+I186,I186)","=IF(J186>365,0,I186)",,,,,,
186,=ROW(A187)-1, Future,8,,=SUM(D187:E187),=F187/$O$2,=F187*$N$2/$O$2,"=ROUND(H187,0)","=IFERROR(J186+I187,I187)","=IF(J187>365,0,I187)",,,,,,
187,=ROW(A188)-1, Karen Elson,8,,=SUM(D188:E188),=F188/$O$2,=F188*$N$2/$O$2,"=ROUND(H188,0)","=IFERROR(J187+I188,I188)","=IF(J188>365,0,I188)",,,,,,
188,=ROW(A189)-1, Levitants,8,,=SUM(D189:E189),=F189/$O$2,=F189*$N$2/$O$2,"=ROUND(H189,0)","=IFERROR(J188+I189,I189)","=IF(J189>365,0,I189)",,,,,,
189,=ROW(A190)-1, Liberato,8,,=SUM(D190:E190),=F190/$O$2,=F190*$N$2/$O$2,"=ROUND(H190,0)","=IFERROR(J189+I190,I190)","=IF(J190>365,0,I190)",,,,,,
190,=ROW(A191)-1, Nothing But Thieves,8,,=SUM(D191:E191),=F191/$O$2,=F191*$N$2/$O$2,"=ROUND(H191,0)","=IFERROR(J190+I191,I191)","=IF(J191>365,0,I191)",,,,,,
191,=ROW(A192)-1, PUTOCHINOMARICÓN,8,,=SUM(D192:E192),=F192/$O$2,=F192*$N$2/$O$2,"=ROUND(H192,0)","=IFERROR(J191+I192,I192)","=IF(J192>365,0,I192)",,,,,,
192,=ROW(A193)-1, Roxy Music,8,,=SUM(D193:E193),=F193/$O$2,=F193*$N$2/$O$2,"=ROUND(H193,0)","=IFERROR(J192+I193,I193)","=IF(J193>365,0,I193)",,,,,,
193,=ROW(A194)-1, ScHoolboy Q,8,,=SUM(D194:E194),=F194/$O$2,=F194*$N$2/$O$2,"=ROUND(H194,0)","=IFERROR(J193+I194,I194)","=IF(J194>365,0,I194)",,,,,,
194,=ROW(A195)-1, Sipho.,8,,=SUM(D195:E195),=F195/$O$2,=F195*$N$2/$O$2,"=ROUND(H195,0)","=IFERROR(J194+I195,I195)","=IF(J195>365,0,I195)",,,,,,
195,=ROW(A196)-1, The Charlatans,8,,=SUM(D196:E196),=F196/$O$2,=F196*$N$2/$O$2,"=ROUND(H196,0)","=IFERROR(J195+I196,I196)","=IF(J196>365,0,I196)",,,,,,
196,=ROW(A197)-1, The Postal Service,8,,=SUM(D197:E197),=F197/$O$2,=F197*$N$2/$O$2,"=ROUND(H197,0)","=IFERROR(J196+I197,I197)","=IF(J197>365,0,I197)",,,,,,
197,=ROW(A198)-1, The Shins,8,,=SUM(D198:E198),=F198/$O$2,=F198*$N$2/$O$2,"=ROUND(H198,0)","=IFERROR(J197+I198,I198)","=IF(J198>365,0,I198)",,,,,,
198,=ROW(A199)-1, Yeasayer,8,,=SUM(D199:E199),=F199/$O$2,=F199*$N$2/$O$2,"=ROUND(H199,0)","=IFERROR(J198+I199,I199)","=IF(J199>365,0,I199)",,,,,,
199,=ROW(A200)-1,1990s,7,,=SUM(D200:E200),=F200/$O$2,=F200*$N$2/$O$2,"=ROUND(H200,0)","=IFERROR(J199+I200,I200)","=IF(J200>365,0,I200)",,,,,,
200,=ROW(A201)-1, Addison Rae,7,,=SUM(D201:E201),=F201/$O$2,=F201*$N$2/$O$2,"=ROUND(H201,0)","=IFERROR(J200+I201,I201)","=IF(J201>365,0,I201)",,,,,,
201,=ROW(A202)-1, Albert Hammond Jr,7,,=SUM(D202:E202),=F202/$O$2,=F202*$N$2/$O$2,"=ROUND(H202,0)","=IFERROR(J201+I202,I202)","=IF(J202>365,0,I202)",,,,,,
202,=ROW(A203)-1, Austra,7,,=SUM(D203:E203),=F203/$O$2,=F203*$N$2/$O$2,"=ROUND(H203,0)","=IFERROR(J202+I203,I203)","=IF(J203>365,0,I203)",,,,,,
203,=ROW(A204)-1, Babyshambles,7,,=SUM(D204:E204),=F204/$O$2,=F204*$N$2/$O$2,"=ROUND(H204,0)","=IFERROR(J203+I204,I204)","=IF(J204>365,0,I204)",,,,,,
204,=ROW(A205)-1, Billie Eilish,7,,=SUM(D205:E205),=F205/$O$2,=F205*$N$2/$O$2,"=ROUND(H205,0)","=IFERROR(J204+I205,I205)","=IF(J205>365,0,I205)",,,,,,
205,=ROW(A206)-1, Bombay Bicycle Club,7,,=SUM(D206:E206),=F206/$O$2,=F206*$N$2/$O$2,"=ROUND(H206,0)","=IFERROR(J205+I206,I206)","=IF(J206>365,0,I206)",,,,,,
206,=ROW(A207)-1, boygenius,7,,=SUM(D207:E207),=F207/$O$2,=F207*$N$2/$O$2,"=ROUND(H207,0)","=IFERROR(J206+I207,I207)","=IF(J207>365,0,I207)",,,,,,
207,=ROW(A208)-1, Broken Bells,7,,=SUM(D208:E208),=F208/$O$2,=F208*$N$2/$O$2,"=ROUND(H208,0)","=IFERROR(J207+I208,I208)","=IF(J208>365,0,I208)",,,,,,
208,=ROW(A209)-1, Chance the Rapper,7,,=SUM(D209:E209),=F209/$O$2,=F209*$N$2/$O$2,"=ROUND(H209,0)","=IFERROR(J208+I209,I209)","=IF(J209>365,0,I209)",,,,,,
209,=ROW(A210)-1, Daughter,7,,=SUM(D210:E210),=F210/$O$2,=F210*$N$2/$O$2,"=ROUND(H210,0)","=IFERROR(J209+I210,I210)","=IF(J210>365,0,I210)",,,,,,
210,=ROW(A211)-1, Delorean,7,,=SUM(D211:E211),=F211/$O$2,=F211*$N$2/$O$2,"=ROUND(H211,0)","=IFERROR(J210+I211,I211)","=IF(J211>365,0,I211)",,,,,,
211,=ROW(A212)-1, DePedro,7,,=SUM(D212:E212),=F212/$O$2,=F212*$N$2/$O$2,"=ROUND(H212,0)","=IFERROR(J211+I212,I212)","=IF(J212>365,0,I212)",,,,,,
212,=ROW(A213)-1, El mató a un policía motorizado,7,,=SUM(D213:E213),=F213/$O$2,=F213*$N$2/$O$2,"=ROUND(H213,0)","=IFERROR(J212+I213,I213)","=IF(J213>365,0,I213)",,,,,,
213,=ROW(A214)-1, Foo Fighters,7,,=SUM(D214:E214),=F214/$O$2,=F214*$N$2/$O$2,"=ROUND(H214,0)","=IFERROR(J213+I214,I214)","=IF(J214>365,0,I214)",,,,,,
214,=ROW(A215)-1, Jorja Smith,7,,=SUM(D215:E215),=F215/$O$2,=F215*$N$2/$O$2,"=ROUND(H215,0)","=IFERROR(J214+I215,I215)","=IF(J215>365,0,I215)",,,,,,
215,=ROW(A216)-1, Julia Holter,7,,=SUM(D216:E216),=F216/$O$2,=F216*$N$2/$O$2,"=ROUND(H216,0)","=IFERROR(J215+I216,I216)","=IF(J216>365,0,I216)",,,,,,
216,=ROW(A217)-1, Justice,7,,=SUM(D217:E217),=F217/$O$2,=F217*$N$2/$O$2,"=ROUND(H217,0)","=IFERROR(J216+I217,I217)","=IF(J217>365,0,I217)",,,,,,
217,=ROW(A218)-1, Khruangbin,7,,=SUM(D218:E218),=F218/$O$2,=F218*$N$2/$O$2,"=ROUND(H218,0)","=IFERROR(J217+I218,I218)","=IF(J218>365,0,I218)",,,,,,
218,=ROW(A219)-1, Laetitia Sadier,7,,=SUM(D219:E219),=F219/$O$2,=F219*$N$2/$O$2,"=ROUND(H219,0)","=IFERROR(J218+I219,I219)","=IF(J219>365,0,I219)",,,,,,
219,=ROW(A220)-1, Maren,7,,=SUM(D220:E220),=F220/$O$2,=F220*$N$2/$O$2,"=ROUND(H220,0)","=IFERROR(J219+I220,I220)","=IF(J220>365,0,I220)",,,,,,
220,=ROW(A221)-1, Orishas,7,,=SUM(D221:E221),=F221/$O$2,=F221*$N$2/$O$2,"=ROUND(H221,0)","=IFERROR(J220+I221,I221)","=IF(J221>365,0,I221)",,,,,,
221,=ROW(A222)-1, OutKast,7,,=SUM(D222:E222),=F222/$O$2,=F222*$N$2/$O$2,"=ROUND(H222,0)","=IFERROR(J221+I222,I222)","=IF(J222>365,0,I222)",,,,,,
222,=ROW(A223)-1, Pulp,7,,=SUM(D223:E223),=F223/$O$2,=F223*$N$2/$O$2,"=ROUND(H223,0)","=IFERROR(J222+I223,I223)","=IF(J223>365,0,I223)",,,,,,
223,=ROW(A224)-1, Rage Against the Machine,7,,=SUM(D224:E224),=F224/$O$2,=F224*$N$2/$O$2,"=ROUND(H224,0)","=IFERROR(J223+I224,I224)","=IF(J224>365,0,I224)",,,,,,
224,=ROW(A225)-1, Santigold,7,,=SUM(D225:E225),=F225/$O$2,=F225*$N$2/$O$2,"=ROUND(H225,0)","=IFERROR(J224+I225,I225)","=IF(J225>365,0,I225)",,,,,,
225,=ROW(A226)-1, SBTRKT,7,,=SUM(D226:E226),=F226/$O$2,=F226*$N$2/$O$2,"=ROUND(H226,0)","=IFERROR(J225+I226,I226)","=IF(J226>365,0,I226)",,,,,,
226,=ROW(A227)-1, Sen Senra,7,,=SUM(D227:E227),=F227/$O$2,=F227*$N$2/$O$2,"=ROUND(H227,0)","=IFERROR(J226+I227,I227)","=IF(J227>365,0,I227)",,,,,,
227,=ROW(A228)-1, St. Vincent,7,,=SUM(D228:E228),=F228/$O$2,=F228*$N$2/$O$2,"=ROUND(H228,0)","=IFERROR(J227+I228,I228)","=IF(J228>365,0,I228)",,,,,,
228,=ROW(A229)-1, Summer Camp,7,,=SUM(D229:E229),=F229/$O$2,=F229*$N$2/$O$2,"=ROUND(H229,0)","=IFERROR(J228+I229,I229)","=IF(J229>365,0,I229)",,,,,,
229,=ROW(A230)-1, The Pale White,7,,=SUM(D230:E230),=F230/$O$2,=F230*$N$2/$O$2,"=ROUND(H230,0)","=IFERROR(J229+I230,I230)","=IF(J230>365,0,I230)",,,,,,
230,=ROW(A231)-1, The Police,7,,=SUM(D231:E231),=F231/$O$2,=F231*$N$2/$O$2,"=ROUND(H231,0)","=IFERROR(J230+I231,I231)","=IF(J231>365,0,I231)",,,,,,
231,=ROW(A232)-1, The Reytons,7,,=SUM(D232:E232),=F232/$O$2,=F232*$N$2/$O$2,"=ROUND(H232,0)","=IFERROR(J231+I232,I232)","=IF(J232>365,0,I232)",,,,,,
232,=ROW(A233)-1, the Creator,7,,=SUM(D233:E233),=F233/$O$2,=F233*$N$2/$O$2,"=ROUND(H233,0)","=IFERROR(J232+I233,I233)","=IF(J233>365,0,I233)",,,,,,
233,=ROW(A234)-1, whenyoung,7,,=SUM(D234:E234),=F234/$O$2,=F234*$N$2/$O$2,"=ROUND(H234,0)","=IFERROR(J233+I234,I234)","=IF(J234>365,0,I234)",,,,,,
234,=ROW(A235)-1, Wolf Parade,7,,=SUM(D235:E235),=F235/$O$2,=F235*$N$2/$O$2,"=ROUND(H235,0)","=IFERROR(J234+I235,I235)","=IF(J235>365,0,I235)",,,,,,
235,=ROW(A236)-1, Yves Tumor,7,,=SUM(D236:E236),=F236/$O$2,=F236*$N$2/$O$2,"=ROUND(H236,0)","=IFERROR(J235+I236,I236)","=IF(J236>365,0,I236)",,,,,,
236,=ROW(A237)-1, Adiós Amores,6,,=SUM(D237:E237),=F237/$O$2,=F237*$N$2/$O$2,"=ROUND(H237,0)","=IFERROR(J236+I237,I237)","=IF(J237>365,0,I237)",,,,,,
237,=ROW(A238)-1, Band of Horses,6,,=SUM(D238:E238),=F238/$O$2,=F238*$N$2/$O$2,"=ROUND(H238,0)","=IFERROR(J237+I238,I238)","=IF(J238>365,0,I238)",,,,,,
238,=ROW(A239)-1, Beach House,6,,=SUM(D239:E239),=F239/$O$2,=F239*$N$2/$O$2,"=ROUND(H239,0)","=IFERROR(J238+I239,I239)","=IF(J239>365,0,I239)",,,,,,
239,=ROW(A240)-1, Big Boi,6,,=SUM(D240:E240),=F240/$O$2,=F240*$N$2/$O$2,"=ROUND(H240,0)","=IFERROR(J239+I240,I240)","=IF(J240>365,0,I240)",,,,,,
240,=ROW(A241)-1, Cadence Weapon,6,,=SUM(D241:E241),=F241/$O$2,=F241*$N$2/$O$2,"=ROUND(H241,0)","=IFERROR(J240+I241,I241)","=IF(J241>365,0,I241)",,,,,,
241,=ROW(A242)-1, Crystal Fighters,6,,=SUM(D242:E242),=F242/$O$2,=F242*$N$2/$O$2,"=ROUND(H242,0)","=IFERROR(J241+I242,I242)","=IF(J242>365,0,I242)",,,,,,
242,=ROW(A243)-1, Cut Copy,6,,=SUM(D243:E243),=F243/$O$2,=F243*$N$2/$O$2,"=ROUND(H243,0)","=IFERROR(J242+I243,I243)","=IF(J243>365,0,I243)",,,,,,
243,=ROW(A244)-1, David Bowie,6,,=SUM(D244:E244),=F244/$O$2,=F244*$N$2/$O$2,"=ROUND(H244,0)","=IFERROR(J243+I244,I244)","=IF(J244>365,0,I244)",,,,,,
244,=ROW(A245)-1, Dum Dum Girls,6,,=SUM(D245:E245),=F245/$O$2,=F245*$N$2/$O$2,"=ROUND(H245,0)","=IFERROR(J244+I245,I245)","=IF(J245>365,0,I245)",,,,,,
245,=ROW(A246)-1, Galaxie 500,6,,=SUM(D246:E246),=F246/$O$2,=F246*$N$2/$O$2,"=ROUND(H246,0)","=IFERROR(J245+I246,I246)","=IF(J246>365,0,I246)",,,,,,
246,=ROW(A247)-1, Grenade Jumper,6,,=SUM(D247:E247),=F247/$O$2,=F247*$N$2/$O$2,"=ROUND(H247,0)","=IFERROR(J246+I247,I247)","=IF(J247>365,0,I247)",,,,,,
247,=ROW(A248)-1, Jenny Hval,6,,=SUM(D248:E248),=F248/$O$2,=F248*$N$2/$O$2,"=ROUND(H248,0)","=IFERROR(J247+I248,I248)","=IF(J248>365,0,I248)",,,,,,
248,=ROW(A249)-1,José González,6,,=SUM(D249:E249),=F249/$O$2,=F249*$N$2/$O$2,"=ROUND(H249,0)","=IFERROR(J248+I249,I249)","=IF(J249>365,0,I249)",,,,,,
249,=ROW(A250)-1, JPEGMAFIA,6,,=SUM(D250:E250),=F250/$O$2,=F250*$N$2/$O$2,"=ROUND(H250,0)","=IFERROR(J249+I250,I250)","=IF(J250>365,0,I250)",,,,,,
250,=ROW(A251)-1, Kelly Rowland,6,,=SUM(D251:E251),=F251/$O$2,=F251*$N$2/$O$2,"=ROUND(H251,0)","=IFERROR(J250+I251,I251)","=IF(J251>365,0,I251)",,,,,,
251,=ROW(A252)-1, Kings of Convenience,6,,=SUM(D252:E252),=F252/$O$2,=F252*$N$2/$O$2,"=ROUND(H252,0)","=IFERROR(J251+I252,I252)","=IF(J252>365,0,I252)",,,,,,
252,=ROW(A253)-1, M83,6,,=SUM(D253:E253),=F253/$O$2,=F253*$N$2/$O$2,"=ROUND(H253,0)","=IFERROR(J252+I253,I253)","=IF(J253>365,0,I253)",,,,,,
253,=ROW(A254)-1, Magdalena Bay,6,,=SUM(D254:E254),=F254/$O$2,=F254*$N$2/$O$2,"=ROUND(H254,0)","=IFERROR(J253+I254,I254)","=IF(J254>365,0,I254)",,,,,,
254,=ROW(A255)-1, Ocean Colour Scene,6,,=SUM(D255:E255),=F255/$O$2,=F255*$N$2/$O$2,"=ROUND(H255,0)","=IFERROR(J254+I255,I255)","=IF(J255>365,0,I255)",,,,,,
255,=ROW(A256)-1, Preoccupations,6,,=SUM(D256:E256),=F256/$O$2,=F256*$N$2/$O$2,"=ROUND(H256,0)","=IFERROR(J255+I256,I256)","=IF(J256>365,0,I256)",,,,,,
256,=ROW(A257)-1, Scanners,6,,=SUM(D257:E257),=F257/$O$2,=F257*$N$2/$O$2,"=ROUND(H257,0)","=IFERROR(J256+I257,I257)","=IF(J257>365,0,I257)",,,,,,
257,=ROW(A258)-1, Second,6,,=SUM(D258:E258),=F258/$O$2,=F258*$N$2/$O$2,"=ROUND(H258,0)","=IFERROR(J257+I258,I258)","=IF(J258>365,0,I258)",,,,,,
258,=ROW(A259)-1, Shamir,6,,=SUM(D259:E259),=F259/$O$2,=F259*$N$2/$O$2,"=ROUND(H259,0)","=IFERROR(J258+I259,I259)","=IF(J259>365,0,I259)",,,,,,
259,=ROW(A260)-1, Sienna,6,,=SUM(D260:E260),=F260/$O$2,=F260*$N$2/$O$2,"=ROUND(H260,0)","=IFERROR(J259+I260,I260)","=IF(J260>365,0,I260)",,,,,,
260,=ROW(A261)-1, Spoon,6,,=SUM(D261:E261),=F261/$O$2,=F261*$N$2/$O$2,"=ROUND(H261,0)","=IFERROR(J260+I261,I261)","=IF(J261>365,0,I261)",,,,,,
261,=ROW(A262)-1, Talking Heads,6,,=SUM(D262:E262),=F262/$O$2,=F262*$N$2/$O$2,"=ROUND(H262,0)","=IFERROR(J261+I262,I262)","=IF(J262>365,0,I262)",,,,,,
262,=ROW(A263)-1, The Gaslight Anthem,6,,=SUM(D263:E263),=F263/$O$2,=F263*$N$2/$O$2,"=ROUND(H263,0)","=IFERROR(J262+I263,I263)","=IF(J263>365,0,I263)",,,,,,
263,=ROW(A264)-1, The Smashing Pumpkins,6,,=SUM(D264:E264),=F264/$O$2,=F264*$N$2/$O$2,"=ROUND(H264,0)","=IFERROR(J263+I264,I264)","=IF(J264>365,0,I264)",,,,,,
264,=ROW(A265)-1, The Velvet Underground,6,,=SUM(D265:E265),=F265/$O$2,=F265*$N$2/$O$2,"=ROUND(H265,0)","=IFERROR(J264+I265,I265)","=IF(J265>365,0,I265)",,,,,,
265,=ROW(A266)-1, Trentemøller,6,,=SUM(D266:E266),=F266/$O$2,=F266*$N$2/$O$2,"=ROUND(H266,0)","=IFERROR(J265+I266,I266)","=IF(J266>365,0,I266)",,,,,,
266,=ROW(A267)-1, Triángulo de Amor Bizarro,6,,=SUM(D267:E267),=F267/$O$2,=F267*$N$2/$O$2,"=ROUND(H267,0)","=IFERROR(J266+I267,I267)","=IF(J267>365,0,I267)",,,,,,
267,=ROW(A268)-1, Will Butler,6,,=SUM(D268:E268),=F268/$O$2,=F268*$N$2/$O$2,"=ROUND(H268,0)","=IFERROR(J267+I268,I268)","=IF(J268>365,0,I268)",,,,,,
268,=ROW(A269)-1, WiseMen Project,6,,=SUM(D269:E269),=F269/$O$2,=F269*$N$2/$O$2,"=ROUND(H269,0)","=IFERROR(J268+I269,I269)","=IF(J269>365,0,I269)",,,,,,
269,=ROW(A270)-1, Woods,6,,=SUM(D270:E270),=F270/$O$2,=F270*$N$2/$O$2,"=ROUND(H270,0)","=IFERROR(J269+I270,I270)","=IF(J270>365,0,I270)",,,,,,
270,=ROW(A271)-1, Young Galaxy,6,,=SUM(D271:E271),=F271/$O$2,=F271*$N$2/$O$2,"=ROUND(H271,0)","=IFERROR(J270+I271,I271)","=IF(J271>365,0,I271)",,,,,,
271,=ROW(A272)-1, Zahara,6,,=SUM(D272:E272),=F272/$O$2,=F272*$N$2/$O$2,"=ROUND(H272,0)","=IFERROR(J271+I272,I272)","=IF(J272>365,0,I272)",,,,,,
272,=ROW(A273)-1, acquired,5,,=SUM(D273:E273),=F273/$O$2,=F273*$N$2/$O$2,"=ROUND(H273,0)","=IFERROR(J272+I273,I273)","=IF(J273>365,0,I273)",,,,,,
273,=ROW(A274)-1, Allie X,5,,=SUM(D274:E274),=F274/$O$2,=F274*$N$2/$O$2,"=ROUND(H274,0)","=IFERROR(J273+I274,I274)","=IF(J274>365,0,I274)",,,,,,
274,=ROW(A275)-1, Arab Strap,5,,=SUM(D275:E275),=F275/$O$2,=F275*$N$2/$O$2,"=ROUND(H275,0)","=IFERROR(J274+I275,I275)","=IF(J275>365,0,I275)",,,,,,
275,=ROW(A276)-1, Avicii,5,,=SUM(D276:E276),=F276/$O$2,=F276*$N$2/$O$2,"=ROUND(H276,0)","=IFERROR(J275+I276,I276)","=IF(J276>365,0,I276)",,,,,,
276,=ROW(A277)-1, BAMBii,5,,=SUM(D277:E277),=F277/$O$2,=F277*$N$2/$O$2,"=ROUND(H277,0)","=IFERROR(J276+I277,I277)","=IF(J277>365,0,I277)",,,,,,
277,=ROW(A278)-1, Belén Aguilera,5,,=SUM(D278:E278),=F278/$O$2,=F278*$N$2/$O$2,"=ROUND(H278,0)","=IFERROR(J277+I278,I278)","=IF(J278>365,0,I278)",,,,,,
278,=ROW(A279)-1, BigXthaPlug,5,,=SUM(D279:E279),=F279/$O$2,=F279*$N$2/$O$2,"=ROUND(H279,0)","=IFERROR(J278+I279,I279)","=IF(J279>365,0,I279)",,,,,,
279,=ROW(A280)-1, Bleachers,5,,=SUM(D280:E280),=F280/$O$2,=F280*$N$2/$O$2,"=ROUND(H280,0)","=IFERROR(J279+I280,I280)","=IF(J280>365,0,I280)",,,,,,
280,=ROW(A281)-1, Blu,5,,=SUM(D281:E281),=F281/$O$2,=F281*$N$2/$O$2,"=ROUND(H281,0)","=IFERROR(J280+I281,I281)","=IF(J281>365,0,I281)",,,,,,
281,=ROW(A282)-1, Brand New,5,,=SUM(D282:E282),=F282/$O$2,=F282*$N$2/$O$2,"=ROUND(H282,0)","=IFERROR(J281+I282,I282)","=IF(J282>365,0,I282)",,,,,,
282,=ROW(A283)-1, Bum Motion Club,5,,=SUM(D283:E283),=F283/$O$2,=F283*$N$2/$O$2,"=ROUND(H283,0)","=IFERROR(J282+I283,I283)","=IF(J283>365,0,I283)",,,,,,
283,=ROW(A284)-1, Cat Power,5,,=SUM(D284:E284),=F284/$O$2,=F284*$N$2/$O$2,"=ROUND(H284,0)","=IFERROR(J283+I284,I284)","=IF(J284>365,0,I284)",,,,,,
284,=ROW(A285)-1, Childish Gambino,5,,=SUM(D285:E285),=F285/$O$2,=F285*$N$2/$O$2,"=ROUND(H285,0)","=IFERROR(J284+I285,I285)","=IF(J285>365,0,I285)",,,,,,
285,=ROW(A286)-1, Chromatics,5,,=SUM(D286:E286),=F286/$O$2,=F286*$N$2/$O$2,"=ROUND(H286,0)","=IFERROR(J285+I286,I286)","=IF(J286>365,0,I286)",,,,,,
286,=ROW(A287)-1, Destroyer,5,,=SUM(D287:E287),=F287/$O$2,=F287*$N$2/$O$2,"=ROUND(H287,0)","=IFERROR(J286+I287,I287)","=IF(J287>365,0,I287)",,,,,,
287,=ROW(A288)-1, Ellie Goulding,5,,=SUM(D288:E288),=F288/$O$2,=F288*$N$2/$O$2,"=ROUND(H288,0)","=IFERROR(J287+I288,I288)","=IF(J288>365,0,I288)",,,,,,
288,=ROW(A289)-1, Federico Aubele,5,,=SUM(D289:E289),=F289/$O$2,=F289*$N$2/$O$2,"=ROUND(H289,0)","=IFERROR(J288+I289,I289)","=IF(J289>365,0,I289)",,,,,,
289,=ROW(A290)-1, Frank Ocean,5,,=SUM(D290:E290),=F290/$O$2,=F290*$N$2/$O$2,"=ROUND(H290,0)","=IFERROR(J289+I290,I290)","=IF(J290>365,0,I290)",,,,,,
290,=ROW(A291)-1, Franz Ferdinand,5,,=SUM(D291:E291),=F291/$O$2,=F291*$N$2/$O$2,"=ROUND(H291,0)","=IFERROR(J290+I291,I291)","=IF(J291>365,0,I291)",,,,,,
291,=ROW(A292)-1, Gil Scott-Heron,5,,=SUM(D292:E292),=F292/$O$2,=F292*$N$2/$O$2,"=ROUND(H292,0)","=IFERROR(J291+I292,I292)","=IF(J292>365,0,I292)",,,,,,
292,=ROW(A293)-1, Is Tropical,5,,=SUM(D293:E293),=F293/$O$2,=F293*$N$2/$O$2,"=ROUND(H293,0)","=IFERROR(J292+I293,I293)","=IF(J293>365,0,I293)",,,,,,
293,=ROW(A294)-1, Jorge Ben Jor,5,,=SUM(D294:E294),=F294/$O$2,=F294*$N$2/$O$2,"=ROUND(H294,0)","=IFERROR(J293+I294,I294)","=IF(J294>365,0,I294)",,,,,,
294,=ROW(A295)-1, Julieta Venegas,5,,=SUM(D295:E295),=F295/$O$2,=F295*$N$2/$O$2,"=ROUND(H295,0)","=IFERROR(J294+I295,I295)","=IF(J295>365,0,I295)",,,,,,
295,=ROW(A296)-1, Katy B,5,,=SUM(D296:E296),=F296/$O$2,=F296*$N$2/$O$2,"=ROUND(H296,0)","=IFERROR(J295+I296,I296)","=IF(J296>365,0,I296)",,,,,,
296,=ROW(A297)-1, Les Rita Mitsouko,5,,=SUM(D297:E297),=F297/$O$2,=F297*$N$2/$O$2,"=ROUND(H297,0)","=IFERROR(J296+I297,I297)","=IF(J297>365,0,I297)",,,,,,
297,=ROW(A298)-1, Les Rythmes Digitales,5,,=SUM(D298:E298),=F298/$O$2,=F298*$N$2/$O$2,"=ROUND(H298,0)","=IFERROR(J297+I298,I298)","=IF(J298>365,0,I298)",,,,,,
298,=ROW(A299)-1,Les Savy Fav,5,,=SUM(D299:E299),=F299/$O$2,=F299*$N$2/$O$2,"=ROUND(H299,0)","=IFERROR(J298+I299,I299)","=IF(J299>365,0,I299)",,,,,,
299,=ROW(A300)-1, Lil Nas X,5,,=SUM(D300:E300),=F300/$O$2,=F300*$N$2/$O$2,"=ROUND(H300,0)","=IFERROR(J299+I300,I300)","=IF(J300>365,0,I300)",,,,,,
300,=ROW(A301)-1, Mac DeMarco,5,,=SUM(D301:E301),=F301/$O$2,=F301*$N$2/$O$2,"=ROUND(H301,0)","=IFERROR(J300+I301,I301)","=IF(J301>365,0,I301)",,,,,,
301,=ROW(A302)-1, Melenas,5,,=SUM(D302:E302),=F302/$O$2,=F302*$N$2/$O$2,"=ROUND(H302,0)","=IFERROR(J301+I302,I302)","=IF(J302>365,0,I302)",,,,,,
302,=ROW(A303)-1, Sam Smith,5,,=SUM(D303:E303),=F303/$O$2,=F303*$N$2/$O$2,"=ROUND(H303,0)","=IFERROR(J302+I303,I303)","=IF(J303>365,0,I303)",,,,,,
303,=ROW(A304)-1, Sandré,5,,=SUM(D304:E304),=F304/$O$2,=F304*$N$2/$O$2,"=ROUND(H304,0)","=IFERROR(J303+I304,I304)","=IF(J304>365,0,I304)",,,,,,
304,=ROW(A305)-1, Shygirl,5,,=SUM(D305:E305),=F305/$O$2,=F305*$N$2/$O$2,"=ROUND(H305,0)","=IFERROR(J304+I305,I305)","=IF(J305>365,0,I305)",,,,,,
305,=ROW(A306)-1, Sleater-Kinney,5,,=SUM(D306:E306),=F306/$O$2,=F306*$N$2/$O$2,"=ROUND(H306,0)","=IFERROR(J305+I306,I306)","=IF(J306>365,0,I306)",,,,,,
306,=ROW(A307)-1,n Tapes,5,,=SUM(D307:E307),=F307/$O$2,=F307*$N$2/$O$2,"=ROUND(H307,0)","=IFERROR(J306+I307,I307)","=IF(J307>365,0,I307)",,,,,,
307,=ROW(A308)-1, Telefon Tel Aviv,5,,=SUM(D308:E308),=F308/$O$2,=F308*$N$2/$O$2,"=ROUND(H308,0)","=IFERROR(J307+I308,I308)","=IF(J308>365,0,I308)",,,,,,
308,=ROW(A309)-1, Telekinesis,5,,=SUM(D309:E309),=F309/$O$2,=F309*$N$2/$O$2,"=ROUND(H309,0)","=IFERROR(J308+I309,I309)","=IF(J309>365,0,I309)",,,,,,
309,=ROW(A310)-1, The 1975,5,,=SUM(D310:E310),=F310/$O$2,=F310*$N$2/$O$2,"=ROUND(H310,0)","=IFERROR(J309+I310,I310)","=IF(J310>365,0,I310)",,,,,,
310,=ROW(A311)-1, The New Raemon,5,,=SUM(D311:E311),=F311/$O$2,=F311*$N$2/$O$2,"=ROUND(H311,0)","=IFERROR(J310+I311,I311)","=IF(J311>365,0,I311)",,,,,,
311,=ROW(A312)-1, The Prodigy,5,,=SUM(D312:E312),=F312/$O$2,=F312*$N$2/$O$2,"=ROUND(H312,0)","=IFERROR(J311+I312,I312)","=IF(J312>365,0,I312)",,,,,,
312,=ROW(A313)-1, The Verve,5,,=SUM(D313:E313),=F313/$O$2,=F313*$N$2/$O$2,"=ROUND(H313,0)","=IFERROR(J312+I313,I313)","=IF(J313>365,0,I313)",,,,,,
313,=ROW(A314)-1, The War on Drugs,5,,=SUM(D314:E314),=F314/$O$2,=F314*$N$2/$O$2,"=ROUND(H314,0)","=IFERROR(J313+I314,I314)","=IF(J314>365,0,I314)",,,,,,
314,=ROW(A315)-1, Sister Squares,5,,=SUM(D315:E315),=F315/$O$2,=F315*$N$2/$O$2,"=ROUND(H315,0)","=IFERROR(J314+I315,I315)","=IF(J315>365,0,I315)",,,,,,
315,=ROW(A316)-1, Airbag,4,,=SUM(D316:E316),=F316/$O$2,=F316*$N$2/$O$2,"=ROUND(H316,0)","=IFERROR(J315+I316,I316)","=IF(J316>365,0,I316)",,,,,,
316,=ROW(A317)-1, Andy Stott,4,,=SUM(D317:E317),=F317/$O$2,=F317*$N$2/$O$2,"=ROUND(H317,0)","=IFERROR(J316+I317,I317)","=IF(J317>365,0,I317)",,,,,,
317,=ROW(A318)-1, Autolux,4,,=SUM(D318:E318),=F318/$O$2,=F318*$N$2/$O$2,"=ROUND(H318,0)","=IFERROR(J317+I318,I318)","=IF(J318>365,0,I318)",,,,,,
318,=ROW(A319)-1, Baby Keem,4,,=SUM(D319:E319),=F319/$O$2,=F319*$N$2/$O$2,"=ROUND(H319,0)","=IFERROR(J318+I319,I319)","=IF(J319>365,0,I319)",,,,,,
319,=ROW(A320)-1, Beyoncé,4,,=SUM(D320:E320),=F320/$O$2,=F320*$N$2/$O$2,"=ROUND(H320,0)","=IFERROR(J319+I320,I320)","=IF(J320>365,0,I320)",,,,,,
320,=ROW(A321)-1, blink-182,4,,=SUM(D321:E321),=F321/$O$2,=F321*$N$2/$O$2,"=ROUND(H321,0)","=IFERROR(J320+I321,I321)","=IF(J321>365,0,I321)",,,,,,
321,=ROW(A322)-1, Bonobo,4,,=SUM(D322:E322),=F322/$O$2,=F322*$N$2/$O$2,"=ROUND(H322,0)","=IFERROR(J321+I322,I322)","=IF(J322>365,0,I322)",,,,,,
322,=ROW(A323)-1, C. Tangana,4,,=SUM(D323:E323),=F323/$O$2,=F323*$N$2/$O$2,"=ROUND(H323,0)","=IFERROR(J322+I323,I323)","=IF(J323>365,0,I323)",,,,,,
323,=ROW(A324)-1, Claim,4,,=SUM(D324:E324),=F324/$O$2,=F324*$N$2/$O$2,"=ROUND(H324,0)","=IFERROR(J323+I324,I324)","=IF(J324>365,0,I324)",,,,,,
324,=ROW(A325)-1, Corizonas,4,,=SUM(D325:E325),=F325/$O$2,=F325*$N$2/$O$2,"=ROUND(H325,0)","=IFERROR(J324+I325,I325)","=IF(J325>365,0,I325)",,,,,,
325,=ROW(A326)-1, Cymbals Eat Guitars,4,,=SUM(D326:E326),=F326/$O$2,=F326*$N$2/$O$2,"=ROUND(H326,0)","=IFERROR(J325+I326,I326)","=IF(J326>365,0,I326)",,,,,,
326,=ROW(A327)-1, Depeche Mode,4,,=SUM(D327:E327),=F327/$O$2,=F327*$N$2/$O$2,"=ROUND(H327,0)","=IFERROR(J326+I327,I327)","=IF(J327>365,0,I327)",,,,,,
327,=ROW(A328)-1, DJ Koze,4,,=SUM(D328:E328),=F328/$O$2,=F328*$N$2/$O$2,"=ROUND(H328,0)","=IFERROR(J327+I328,I328)","=IF(J328>365,0,I328)",,,,,,
328,=ROW(A329)-1, Doja Cat,4,,=SUM(D329:E329),=F329/$O$2,=F329*$N$2/$O$2,"=ROUND(H329,0)","=IFERROR(J328+I329,I329)","=IF(J329>365,0,I329)",,,,,,
329,=ROW(A330)-1, Dominique A,4,,=SUM(D330:E330),=F330/$O$2,=F330*$N$2/$O$2,"=ROUND(H330,0)","=IFERROR(J329+I330,I330)","=IF(J330>365,0,I330)",,,,,,
330,=ROW(A331)-1, Dua Lipa,4,,=SUM(D331:E331),=F331/$O$2,=F331*$N$2/$O$2,"=ROUND(H331,0)","=IFERROR(J330+I331,I331)","=IF(J331>365,0,I331)",,,,,,
331,=ROW(A332)-1, Gabylonia,4,,=SUM(D332:E332),=F332/$O$2,=F332*$N$2/$O$2,"=ROUND(H332,0)","=IFERROR(J331+I332,I332)","=IF(J332>365,0,I332)",,,,,,
332,=ROW(A333)-1, Grace Ives,4,,=SUM(D333:E333),=F333/$O$2,=F333*$N$2/$O$2,"=ROUND(H333,0)","=IFERROR(J332+I333,I333)","=IF(J333>365,0,I333)",,,,,,
333,=ROW(A334)-1, Grizzly Bear,4,,=SUM(D334:E334),=F334/$O$2,=F334*$N$2/$O$2,"=ROUND(H334,0)","=IFERROR(J333+I334,I334)","=IF(J334>365,0,I334)",,,,,,
334,=ROW(A335)-1, Guateque All Stars,4,,=SUM(D335:E335),=F335/$O$2,=F335*$N$2/$O$2,"=ROUND(H335,0)","=IFERROR(J334+I335,I335)","=IF(J335>365,0,I335)",,,,,,
335,=ROW(A336)-1, Hidrogenesse,4,,=SUM(D336:E336),=F336/$O$2,=F336*$N$2/$O$2,"=ROUND(H336,0)","=IFERROR(J335+I336,I336)","=IF(J336>365,0,I336)",,,,,,
336,=ROW(A337)-1, Jagwar Ma,4,,=SUM(D337:E337),=F337/$O$2,=F337*$N$2/$O$2,"=ROUND(H337,0)","=IFERROR(J336+I337,I337)","=IF(J337>365,0,I337)",,,,,,
337,=ROW(A338)-1, Jaimie Branch,4,,=SUM(D338:E338),=F338/$O$2,=F338*$N$2/$O$2,"=ROUND(H338,0)","=IFERROR(J337+I338,I338)","=IF(J338>365,0,I338)",,,,,,
338,=ROW(A339)-1, Jan Blomqvist,4,,=SUM(D339:E339),=F339/$O$2,=F339*$N$2/$O$2,"=ROUND(H339,0)","=IFERROR(J338+I339,I339)","=IF(J339>365,0,I339)",,,,,,
339,=ROW(A340)-1, JAY-Z,4,,=SUM(D340:E340),=F340/$O$2,=F340*$N$2/$O$2,"=ROUND(H340,0)","=IFERROR(J339+I340,I340)","=IF(J340>365,0,I340)",,,,,,
340,=ROW(A341)-1, Kraftwerk,4,,=SUM(D341:E341),=F341/$O$2,=F341*$N$2/$O$2,"=ROUND(H341,0)","=IFERROR(J340+I341,I341)","=IF(J341>365,0,I341)",,,,,,
341,=ROW(A342)-1, Kurt Vile,4,,=SUM(D342:E342),=F342/$O$2,=F342*$N$2/$O$2,"=ROUND(H342,0)","=IFERROR(J341+I342,I342)","=IF(J342>365,0,I342)",,,,,,
342,=ROW(A343)-1, La Luz,4,,=SUM(D343:E343),=F343/$O$2,=F343*$N$2/$O$2,"=ROUND(H343,0)","=IFERROR(J342+I343,I343)","=IF(J343>365,0,I343)",,,,,,
343,=ROW(A344)-1, Little Boots,4,,=SUM(D344:E344),=F344/$O$2,=F344*$N$2/$O$2,"=ROUND(H344,0)","=IFERROR(J343+I344,I344)","=IF(J344>365,0,I344)",,,,,,
344,=ROW(A345)-1, Liv,4,,=SUM(D345:E345),=F345/$O$2,=F345*$N$2/$O$2,"=ROUND(H345,0)","=IFERROR(J344+I345,I345)","=IF(J345>365,0,I345)",,,,,,
345,=ROW(A346)-1, Luna,4,,=SUM(D346:E346),=F346/$O$2,=F346*$N$2/$O$2,"=ROUND(H346,0)","=IFERROR(J345+I346,I346)","=IF(J346>365,0,I346)",,,,,,
346,=ROW(A347)-1, Mazzy Star,4,,=SUM(D347:E347),=F347/$O$2,=F347*$N$2/$O$2,"=ROUND(H347,0)","=IFERROR(J346+I347,I347)","=IF(J347>365,0,I347)",,,,,,
347,=ROW(A348)-1,Megan Thee Stallion,4,,=SUM(D348:E348),=F348/$O$2,=F348*$N$2/$O$2,"=ROUND(H348,0)","=IFERROR(J347+I348,I348)","=IF(J348>365,0,I348)",,,,,,
348,=ROW(A349)-1, Mk.gee,4,,=SUM(D349:E349),=F349/$O$2,=F349*$N$2/$O$2,"=ROUND(H349,0)","=IFERROR(J348+I349,I349)","=IF(J349>365,0,I349)",,,,,,
349,=ROW(A350)-1, Morrissey,4,,=SUM(D350:E350),=F350/$O$2,=F350*$N$2/$O$2,"=ROUND(H350,0)","=IFERROR(J349+I350,I350)","=IF(J350>365,0,I350)",,,,,,
350,=ROW(A351)-1, Nadia Sheikh,4,,=SUM(D351:E351),=F351/$O$2,=F351*$N$2/$O$2,"=ROUND(H351,0)","=IFERROR(J350+I351,I351)","=IF(J351>365,0,I351)",,,,,,
351,=ROW(A352)-1, Neon Indian,4,,=SUM(D352:E352),=F352/$O$2,=F352*$N$2/$O$2,"=ROUND(H352,0)","=IFERROR(J351+I352,I352)","=IF(J352>365,0,I352)",,,,,,
352,=ROW(A353)-1, Noname,4,,=SUM(D353:E353),=F353/$O$2,=F353*$N$2/$O$2,"=ROUND(H353,0)","=IFERROR(J352+I353,I353)","=IF(J353>365,0,I353)",,,,,,
353,=ROW(A354)-1, Papotefuegote,4,,=SUM(D354:E354),=F354/$O$2,=F354*$N$2/$O$2,"=ROUND(H354,0)","=IFERROR(J353+I354,I354)","=IF(J354>365,0,I354)",,,,,,
354,=ROW(A355)-1, Parquesvr,4,,=SUM(D355:E355),=F355/$O$2,=F355*$N$2/$O$2,"=ROUND(H355,0)","=IFERROR(J354+I355,I355)","=IF(J355>365,0,I355)",,,,,,
355,=ROW(A356)-1, Pinguini Tattici Nucleari,4,,=SUM(D356:E356),=F356/$O$2,=F356*$N$2/$O$2,"=ROUND(H356,0)","=IFERROR(J355+I356,I356)","=IF(J356>365,0,I356)",,,,,,
356,=ROW(A357)-1, Slowdive,4,,=SUM(D357:E357),=F357/$O$2,=F357*$N$2/$O$2,"=ROUND(H357,0)","=IFERROR(J356+I357,I357)","=IF(J357>365,0,I357)",,,,,,
357,=ROW(A358)-1, Sprints,4,,=SUM(D358:E358),=F358/$O$2,=F358*$N$2/$O$2,"=ROUND(H358,0)","=IFERROR(J357+I358,I358)","=IF(J358>365,0,I358)",,,,,,
358,=ROW(A359)-1, Sugar Pit,4,,=SUM(D359:E359),=F359/$O$2,=F359*$N$2/$O$2,"=ROUND(H359,0)","=IFERROR(J358+I359,I359)","=IF(J359>365,0,I359)",,,,,,
359,=ROW(A360)-1, The Beach Boys,4,,=SUM(D360:E360),=F360/$O$2,=F360*$N$2/$O$2,"=ROUND(H360,0)","=IFERROR(J359+I360,I360)","=IF(J360>365,0,I360)",,,,,,
360,=ROW(A361)-1, The Chemical Brothers,4,,=SUM(D361:E361),=F361/$O$2,=F361*$N$2/$O$2,"=ROUND(H361,0)","=IFERROR(J360+I361,I361)","=IF(J361>365,0,I361)",,,,,,
361,=ROW(A362)-1, The Fresh & Onlys,4,,=SUM(D362:E362),=F362/$O$2,=F362*$N$2/$O$2,"=ROUND(H362,0)","=IFERROR(J361+I362,I362)","=IF(J362>365,0,I362)",,,,,,
362,=ROW(A363)-1, The Go-Betweens,4,,=SUM(D363:E363),=F363/$O$2,=F363*$N$2/$O$2,"=ROUND(H363,0)","=IFERROR(J362+I363,I363)","=IF(J363>365,0,I363)",,,,,,
363,=ROW(A364)-1, The Hours,4,,=SUM(D364:E364),=F364/$O$2,=F364*$N$2/$O$2,"=ROUND(H364,0)","=IFERROR(J363+I364,I364)","=IF(J364>365,0,I364)",,,,,,
364,=ROW(A365)-1, The Last Shadow Puppets,4,,=SUM(D365:E365),=F365/$O$2,=F365*$N$2/$O$2,"=ROUND(H365,0)","=IFERROR(J364+I365,I365)","=IF(J365>365,0,I365)",,,,,,
365,=ROW(A366)-1, The Radio Dept.,4,,=SUM(D366:E366),=F366/$O$2,=F366*$N$2/$O$2,"=ROUND(H366,0)","=IFERROR(J365+I366,I366)","=IF(J366>365,0,I366)",,,,,,
366,=ROW(A367)-1, The Stone Roses,4,,=SUM(D367:E367),=F367/$O$2,=F367*$N$2/$O$2,"=ROUND(H367,0)","=IFERROR(J366+I367,I367)","=IF(J367>365,0,I367)",,,,,,
367,=ROW(A368)-1, The Strokes,4,,=SUM(D368:E368),=F368/$O$2,=F368*$N$2/$O$2,"=ROUND(H368,0)","=IFERROR(J367+I368,I368)","=IF(J368>365,0,I368)",,,,,,
368,=ROW(A369)-1, The Whitest Boy Alive,4,,=SUM(D369:E369),=F369/$O$2,=F369*$N$2/$O$2,"=ROUND(H369,0)","=IFERROR(J368+I369,I369)","=IF(J369>365,0,I369)",,,,,,
369,=ROW(A370)-1, Wild Beasts,4,,=SUM(D370:E370),=F370/$O$2,=F370*$N$2/$O$2,"=ROUND(H370,0)","=IFERROR(J369+I370,I370)","=IF(J370>365,0,I370)",,,,,,
370,=ROW(A371)-1, Wolfmother,4,,=SUM(D371:E371),=F371/$O$2,=F371*$N$2/$O$2,"=ROUND(H371,0)","=IFERROR(J370+I371,I371)","=IF(J371>365,0,I371)",,,,,,
371,=ROW(A372)-1, Yarea,4,,=SUM(D372:E372),=F372/$O$2,=F372*$N$2/$O$2,"=ROUND(H372,0)","=IFERROR(J371+I372,I372)","=IF(J372>365,0,I372)",,,,,,
372,=ROW(A373)-1, Yo La Tengo,4,,=SUM(D373:E373),=F373/$O$2,=F373*$N$2/$O$2,"=ROUND(H373,0)","=IFERROR(J372+I373,I373)","=IF(J373>365,0,I373)",,,,,,
373,=ROW(A374)-1, Zach Bryan,4,,=SUM(D374:E374),=F374/$O$2,=F374*$N$2/$O$2,"=ROUND(H374,0)","=IFERROR(J373+I374,I374)","=IF(J374>365,0,I374)",,,,,,
374,=ROW(A375)-1, ２８１４,3,,=SUM(D375:E375),=F375/$O$2,=F375*$N$2/$O$2,"=ROUND(H375,0)","=IFERROR(J374+I375,I375)","=IF(J375>365,0,I375)",,,,,,
375,=ROW(A376)-1, Adanowsky,3,,=SUM(D376:E376),=F376/$O$2,=F376*$N$2/$O$2,"=ROUND(H376,0)","=IFERROR(J375+I376,I376)","=IF(J376>365,0,I376)",,,,,,
376,=ROW(A377)-1, ANOHNI,3,,=SUM(D377:E377),=F377/$O$2,=F377*$N$2/$O$2,"=ROUND(H377,0)","=IFERROR(J376+I377,I377)","=IF(J377>365,0,I377)",,,,,,
377,=ROW(A378)-1, araabMUZIK,3,,=SUM(D378:E378),=F378/$O$2,=F378*$N$2/$O$2,"=ROUND(H378,0)","=IFERROR(J377+I378,I378)","=IF(J378>365,0,I378)",,,,,,
378,=ROW(A379)-1, Ariana Grande,3,,=SUM(D379:E379),=F379/$O$2,=F379*$N$2/$O$2,"=ROUND(H379,0)","=IFERROR(J378+I379,I379)","=IF(J379>365,0,I379)",,,,,,
379,=ROW(A380)-1, Ash,3,,=SUM(D380:E380),=F380/$O$2,=F380*$N$2/$O$2,"=ROUND(H380,0)","=IFERROR(J379+I380,I380)","=IF(J380>365,0,I380)",,,,,,
380,=ROW(A381)-1, Baio,3,,=SUM(D381:E381),=F381/$O$2,=F381*$N$2/$O$2,"=ROUND(H381,0)","=IFERROR(J380+I381,I381)","=IF(J381>365,0,I381)",,,,,,
381,=ROW(A382)-1, Ben Böhmer,3,,=SUM(D382:E382),=F382/$O$2,=F382*$N$2/$O$2,"=ROUND(H382,0)","=IFERROR(J381+I382,I382)","=IF(J382>365,0,I382)",,,,,,
382,=ROW(A383)-1, Berri Txarrak,3,,=SUM(D383:E383),=F383/$O$2,=F383*$N$2/$O$2,"=ROUND(H383,0)","=IFERROR(J382+I383,I383)","=IF(J383>365,0,I383)",,,,,,
383,=ROW(A384)-1, Biffy Clyro,3,,=SUM(D384:E384),=F384/$O$2,=F384*$N$2/$O$2,"=ROUND(H384,0)","=IFERROR(J383+I384,I384)","=IF(J384>365,0,I384)",,,,,,
384,=ROW(A385)-1, Bloc Party,3,,=SUM(D385:E385),=F385/$O$2,=F385*$N$2/$O$2,"=ROUND(H385,0)","=IFERROR(J384+I385,I385)","=IF(J385>365,0,I385)",,,,,,
385,=ROW(A386)-1, BLOXX,3,,=SUM(D386:E386),=F386/$O$2,=F386*$N$2/$O$2,"=ROUND(H386,0)","=IFERROR(J385+I386,I386)","=IF(J386>365,0,I386)",,,,,,
386,=ROW(A387)-1, Blur,3,,=SUM(D387:E387),=F387/$O$2,=F387*$N$2/$O$2,"=ROUND(H387,0)","=IFERROR(J386+I387,I387)","=IF(J387>365,0,I387)",,,,,,
387,=ROW(A388)-1, Boat Club,3,,=SUM(D388:E388),=F388/$O$2,=F388*$N$2/$O$2,"=ROUND(H388,0)","=IFERROR(J387+I388,I388)","=IF(J388>365,0,I388)",,,,,,
388,=ROW(A389)-1, Broncho,3,,=SUM(D389:E389),=F389/$O$2,=F389*$N$2/$O$2,"=ROUND(H389,0)","=IFERROR(J388+I389,I389)","=IF(J389>365,0,I389)",,,,,,
389,=ROW(A390)-1, Bruiser Wolf,3,,=SUM(D390:E390),=F390/$O$2,=F390*$N$2/$O$2,"=ROUND(H390,0)","=IFERROR(J389+I390,I390)","=IF(J390>365,0,I390)",,,,,,
390,=ROW(A391)-1, Camera Obscura,3,,=SUM(D391:E391),=F391/$O$2,=F391*$N$2/$O$2,"=ROUND(H391,0)","=IFERROR(J390+I391,I391)","=IF(J391>365,0,I391)",,,,,,
391,=ROW(A392)-1, Camper Van Beethoven,3,,=SUM(D392:E392),=F392/$O$2,=F392*$N$2/$O$2,"=ROUND(H392,0)","=IFERROR(J391+I392,I392)","=IF(J392>365,0,I392)",,,,,,
392,=ROW(A393)-1, Capital Cities,3,,=SUM(D393:E393),=F393/$O$2,=F393*$N$2/$O$2,"=ROUND(H393,0)","=IFERROR(J392+I393,I393)","=IF(J393>365,0,I393)",,,,,,
393,=ROW(A394)-1, Carlangas,3,,=SUM(D394:E394),=F394/$O$2,=F394*$N$2/$O$2,"=ROUND(H394,0)","=IFERROR(J393+I394,I394)","=IF(J394>365,0,I394)",,,,,,
394,=ROW(A395)-1, Carmen Boza,3,,=SUM(D395:E395),=F395/$O$2,=F395*$N$2/$O$2,"=ROUND(H395,0)","=IFERROR(J394+I395,I395)","=IF(J395>365,0,I395)",,,,,,
395,=ROW(A396)-1, Charley Crockett,3,,=SUM(D396:E396),=F396/$O$2,=F396*$N$2/$O$2,"=ROUND(H396,0)","=IFERROR(J395+I396,I396)","=IF(J396>365,0,I396)",,,,,,
396,=ROW(A397)-1, Chief Keef,3,,=SUM(D397:E397),=F397/$O$2,=F397*$N$2/$O$2,"=ROUND(H397,0)","=IFERROR(J396+I397,I397)","=IF(J397>365,0,I397)",,,,,,
397,=ROW(A398)-1,Clipse,3,,=SUM(D398:E398),=F398/$O$2,=F398*$N$2/$O$2,"=ROUND(H398,0)","=IFERROR(J397+I398,I398)","=IF(J398>365,0,I398)",,,,,,
398,=ROW(A399)-1, Coolnenas,3,,=SUM(D399:E399),=F399/$O$2,=F399*$N$2/$O$2,"=ROUND(H399,0)","=IFERROR(J398+I399,I399)","=IF(J399>365,0,I399)",,,,,,
399,=ROW(A400)-1, Death from Above 1979,3,,=SUM(D400:E400),=F400/$O$2,=F400*$N$2/$O$2,"=ROUND(H400,0)","=IFERROR(J399+I400,I400)","=IF(J400>365,0,I400)",,,,,,
400,=ROW(A401)-1, Deerhoof,3,,=SUM(D401:E401),=F401/$O$2,=F401*$N$2/$O$2,"=ROUND(H401,0)","=IFERROR(J400+I401,I401)","=IF(J401>365,0,I401)",,,,,,
401,=ROW(A402)-1, Diamond Rings,3,,=SUM(D402:E402),=F402/$O$2,=F402*$N$2/$O$2,"=ROUND(H402,0)","=IFERROR(J401+I402,I402)","=IF(J402>365,0,I402)",,,,,,
402,=ROW(A403)-1, DJ Shadow,3,,=SUM(D403:E403),=F403/$O$2,=F403*$N$2/$O$2,"=ROUND(H403,0)","=IFERROR(J402+I403,I403)","=IF(J403>365,0,I403)",,,,,,
403,=ROW(A404)-1,s,3,,=SUM(D404:E404),=F404/$O$2,=F404*$N$2/$O$2,"=ROUND(H404,0)","=IFERROR(J403+I404,I404)","=IF(J404>365,0,I404)",,,,,,
404,=ROW(A405)-1, Doechii,3,,=SUM(D405:E405),=F405/$O$2,=F405*$N$2/$O$2,"=ROUND(H405,0)","=IFERROR(J404+I405,I405)","=IF(J405>365,0,I405)",,,,,,
405,=ROW(A406)-1, el nido,3,,=SUM(D406:E406),=F406/$O$2,=F406*$N$2/$O$2,"=ROUND(H406,0)","=IFERROR(J405+I406,I406)","=IF(J406>365,0,I406)",,,,,,
406,=ROW(A407)-1, Elton John,3,,=SUM(D407:E407),=F407/$O$2,=F407*$N$2/$O$2,"=ROUND(H407,0)","=IFERROR(J406+I407,I407)","=IF(J407>365,0,I407)",,,,,,
407,=ROW(A408)-1, Felix Jaehn,3,,=SUM(D408:E408),=F408/$O$2,=F408*$N$2/$O$2,"=ROUND(H408,0)","=IFERROR(J407+I408,I408)","=IF(J408>365,0,I408)",,,,,,
408,=ROW(A409)-1, Fernando Alfaro,3,,=SUM(D409:E409),=F409/$O$2,=F409*$N$2/$O$2,"=ROUND(H409,0)","=IFERROR(J408+I409,I409)","=IF(J409>365,0,I409)",,,,,,
409,=ROW(A410)-1, Flux Pavilion,3,,=SUM(D410:E410),=F410/$O$2,=F410*$N$2/$O$2,"=ROUND(H410,0)","=IFERROR(J409+I410,I410)","=IF(J410>365,0,I410)",,,,,,
410,=ROW(A411)-1, Foals,3,,=SUM(D411:E411),=F411/$O$2,=F411*$N$2/$O$2,"=ROUND(H411,0)","=IFERROR(J410+I411,I411)","=IF(J411>365,0,I411)",,,,,,
411,=ROW(A412)-1, Foxygen,3,,=SUM(D412:E412),=F412/$O$2,=F412*$N$2/$O$2,"=ROUND(H412,0)","=IFERROR(J411+I412,I412)","=IF(J412>365,0,I412)",,,,,,
412,=ROW(A413)-1, Gang of Four,3,,=SUM(D413:E413),=F413/$O$2,=F413*$N$2/$O$2,"=ROUND(H413,0)","=IFERROR(J412+I413,I413)","=IF(J413>365,0,I413)",,,,,,
413,=ROW(A414)-1, Heartless Bastards,3,,=SUM(D414:E414),=F414/$O$2,=F414*$N$2/$O$2,"=ROUND(H414,0)","=IFERROR(J413+I414,I414)","=IF(J414>365,0,I414)",,,,,,
414,=ROW(A415)-1, Herbert,3,,=SUM(D415:E415),=F415/$O$2,=F415*$N$2/$O$2,"=ROUND(H415,0)","=IFERROR(J414+I415,I415)","=IF(J415>365,0,I415)",,,,,,
415,=ROW(A416)-1, Here We Go Magic,3,,=SUM(D416:E416),=F416/$O$2,=F416*$N$2/$O$2,"=ROUND(H416,0)","=IFERROR(J415+I416,I416)","=IF(J416>365,0,I416)",,,,,,
416,=ROW(A417)-1, How to Dress Well,3,,=SUM(D417:E417),=F417/$O$2,=F417*$N$2/$O$2,"=ROUND(H417,0)","=IFERROR(J416+I417,I417)","=IF(J417>365,0,I417)",,,,,,
417,=ROW(A418)-1, Huey Lewis & The News,3,,=SUM(D418:E418),=F418/$O$2,=F418*$N$2/$O$2,"=ROUND(H418,0)","=IFERROR(J417+I418,I418)","=IF(J418>365,0,I418)",,,,,,
418,=ROW(A419)-1, IDLES,3,,=SUM(D419:E419),=F419/$O$2,=F419*$N$2/$O$2,"=ROUND(H419,0)","=IFERROR(J418+I419,I419)","=IF(J419>365,0,I419)",,,,,,
419,=ROW(A420)-1, Iguana Tango,3,,=SUM(D420:E420),=F420/$O$2,=F420*$N$2/$O$2,"=ROUND(H420,0)","=IFERROR(J419+I420,I420)","=IF(J420>365,0,I420)",,,,,,
420,=ROW(A421)-1, Inhaler,3,,=SUM(D421:E421),=F421/$O$2,=F421*$N$2/$O$2,"=ROUND(H421,0)","=IFERROR(J420+I421,I421)","=IF(J421>365,0,I421)",,,,,,
421,=ROW(A422)-1, Jamie xx,3,,=SUM(D422:E422),=F422/$O$2,=F422*$N$2/$O$2,"=ROUND(H422,0)","=IFERROR(J421+I422,I422)","=IF(J422>365,0,I422)",,,,,,
422,=ROW(A423)-1, Japandroids,3,,=SUM(D423:E423),=F423/$O$2,=F423*$N$2/$O$2,"=ROUND(H423,0)","=IFERROR(J422+I423,I423)","=IF(J423>365,0,I423)",,,,,,
423,=ROW(A424)-1, Japanese Breakfast,3,,=SUM(D424:E424),=F424/$O$2,=F424*$N$2/$O$2,"=ROUND(H424,0)","=IFERROR(J423+I424,I424)","=IF(J424>365,0,I424)",,,,,,
424,=ROW(A425)-1, Junior Boys,3,,=SUM(D425:E425),=F425/$O$2,=F425*$N$2/$O$2,"=ROUND(H425,0)","=IFERROR(J424+I425,I425)","=IF(J425>365,0,I425)",,,,,,
425,=ROW(A426)-1, Kali Uchis,3,,=SUM(D426:E426),=F426/$O$2,=F426*$N$2/$O$2,"=ROUND(H426,0)","=IFERROR(J425+I426,I426)","=IF(J426>365,0,I426)",,,,,,
426,=ROW(A427)-1, Kent,3,,=SUM(D427:E427),=F427/$O$2,=F427*$N$2/$O$2,"=ROUND(H427,0)","=IFERROR(J426+I427,I427)","=IF(J427>365,0,I427)",,,,,,
427,=ROW(A428)-1, Kim Gordon,3,,=SUM(D428:E428),=F428/$O$2,=F428*$N$2/$O$2,"=ROUND(H428,0)","=IFERROR(J427+I428,I428)","=IF(J428>365,0,I428)",,,,,,
428,=ROW(A429)-1, KOLARS,3,,=SUM(D429:E429),=F429/$O$2,=F429*$N$2/$O$2,"=ROUND(H429,0)","=IFERROR(J428+I429,I429)","=IF(J429>365,0,I429)",,,,,,
429,=ROW(A430)-1, Kula Shaker,3,,=SUM(D430:E430),=F430/$O$2,=F430*$N$2/$O$2,"=ROUND(H430,0)","=IFERROR(J429+I430,I430)","=IF(J430>365,0,I430)",,,,,,
430,=ROW(A431)-1, Kylie Minogue,3,,=SUM(D431:E431),=F431/$O$2,=F431*$N$2/$O$2,"=ROUND(H431,0)","=IFERROR(J430+I431,I431)","=IF(J431>365,0,I431)",,,,,,
431,=ROW(A432)-1, Låpsley,3,,=SUM(D432:E432),=F432/$O$2,=F432*$N$2/$O$2,"=ROUND(H432,0)","=IFERROR(J431+I432,I432)","=IF(J432>365,0,I432)",,,,,,
432,=ROW(A433)-1, Lazyeyes,3,,=SUM(D433:E433),=F433/$O$2,=F433*$N$2/$O$2,"=ROUND(H433,0)","=IFERROR(J432+I433,I433)","=IF(J433>365,0,I433)",,,,,,
433,=ROW(A434)-1, Liz Phair,3,,=SUM(D434:E434),=F434/$O$2,=F434*$N$2/$O$2,"=ROUND(H434,0)","=IFERROR(J433+I434,I434)","=IF(J434>365,0,I434)",,,,,,
434,=ROW(A435)-1, Lola Young,3,,=SUM(D435:E435),=F435/$O$2,=F435*$N$2/$O$2,"=ROUND(H435,0)","=IFERROR(J434+I435,I435)","=IF(J435>365,0,I435)",,,,,,
435,=ROW(A436)-1, Love of Lesbian,3,,=SUM(D436:E436),=F436/$O$2,=F436*$N$2/$O$2,"=ROUND(H436,0)","=IFERROR(J435+I436,I436)","=IF(J436>365,0,I436)",,,,,,
436,=ROW(A437)-1, Lupe Fiasco,3,,=SUM(D437:E437),=F437/$O$2,=F437*$N$2/$O$2,"=ROUND(H437,0)","=IFERROR(J436+I437,I437)","=IF(J437>365,0,I437)",,,,,,
437,=ROW(A438)-1, Mary J. Blige,3,,=SUM(D438:E438),=F438/$O$2,=F438*$N$2/$O$2,"=ROUND(H438,0)","=IFERROR(J437+I438,I438)","=IF(J438>365,0,I438)",,,,,,
438,=ROW(A439)-1, Mavi,3,,=SUM(D439:E439),=F439/$O$2,=F439*$N$2/$O$2,"=ROUND(H439,0)","=IFERROR(J438+I439,I439)","=IF(J439>365,0,I439)",,,,,,
439,=ROW(A440)-1, Menomena,3,,=SUM(D440:E440),=F440/$O$2,=F440*$N$2/$O$2,"=ROUND(H440,0)","=IFERROR(J439+I440,I440)","=IF(J440>365,0,I440)",,,,,,
440,=ROW(A441)-1, Metronomy,3,,=SUM(D441:E441),=F441/$O$2,=F441*$N$2/$O$2,"=ROUND(H441,0)","=IFERROR(J440+I441,I441)","=IF(J441>365,0,I441)",,,,,,
441,=ROW(A442)-1, Miguel,3,,=SUM(D442:E442),=F442/$O$2,=F442*$N$2/$O$2,"=ROUND(H442,0)","=IFERROR(J441+I442,I442)","=IF(J442>365,0,I442)",,,,,,
442,=ROW(A443)-1, modernlove.,3,,=SUM(D443:E443),=F443/$O$2,=F443*$N$2/$O$2,"=ROUND(H443,0)","=IFERROR(J442+I443,I443)","=IF(J443>365,0,I443)",,,,,,
443,=ROW(A444)-1, Morreo,3,,=SUM(D444:E444),=F444/$O$2,=F444*$N$2/$O$2,"=ROUND(H444,0)","=IFERROR(J443+I444,I444)","=IF(J444>365,0,I444)",,,,,,
444,=ROW(A445)-1, Muse,3,,=SUM(D445:E445),=F445/$O$2,=F445*$N$2/$O$2,"=ROUND(H445,0)","=IFERROR(J444+I445,I445)","=IF(J445>365,0,I445)",,,,,,
445,=ROW(A446)-1, Nia Archives,3,,=SUM(D446:E446),=F446/$O$2,=F446*$N$2/$O$2,"=ROUND(H446,0)","=IFERROR(J445+I446,I446)","=IF(J446>365,0,I446)",,,,,,
446,=ROW(A447)-1, Nirvana,3,,=SUM(D447:E447),=F447/$O$2,=F447*$N$2/$O$2,"=ROUND(H447,0)","=IFERROR(J446+I447,I447)","=IF(J447>365,0,I447)",,,,,,
447,=ROW(A448)-1,No Doubt,3,,=SUM(D448:E448),=F448/$O$2,=F448*$N$2/$O$2,"=ROUND(H448,0)","=IFERROR(J447+I448,I448)","=IF(J448>365,0,I448)",,,,,,
448,=ROW(A449)-1, Os Resentidos,3,,=SUM(D449:E449),=F449/$O$2,=F449*$N$2/$O$2,"=ROUND(H449,0)","=IFERROR(J448+I449,I449)","=IF(J449>365,0,I449)",,,,,,
449,=ROW(A450)-1, Parquet Courts,3,,=SUM(D450:E450),=F450/$O$2,=F450*$N$2/$O$2,"=ROUND(H450,0)","=IFERROR(J449+I450,I450)","=IF(J450>365,0,I450)",,,,,,
450,=ROW(A451)-1, RAC,3,,=SUM(D451:E451),=F451/$O$2,=F451*$N$2/$O$2,"=ROUND(H451,0)","=IFERROR(J450+I451,I451)","=IF(J451>365,0,I451)",,,,,,
451,=ROW(A452)-1, Rae Sremmurd,3,,=SUM(D452:E452),=F452/$O$2,=F452*$N$2/$O$2,"=ROUND(H452,0)","=IFERROR(J451+I452,I452)","=IF(J452>365,0,I452)",,,,,,
452,=ROW(A453)-1, Real Farmer,3,,=SUM(D453:E453),=F453/$O$2,=F453*$N$2/$O$2,"=ROUND(H453,0)","=IFERROR(J452+I453,I453)","=IF(J453>365,0,I453)",,,,,,
453,=ROW(A454)-1, Rocío Saiz,3,,=SUM(D454:E454),=F454/$O$2,=F454*$N$2/$O$2,"=ROUND(H454,0)","=IFERROR(J453+I454,I454)","=IF(J454>365,0,I454)",,,,,,
454,=ROW(A455)-1, Sabrina Carpenter,3,,=SUM(D455:E455),=F455/$O$2,=F455*$N$2/$O$2,"=ROUND(H455,0)","=IFERROR(J454+I455,I455)","=IF(J455>365,0,I455)",,,,,,
455,=ROW(A456)-1, Sampha,3,,=SUM(D456:E456),=F456/$O$2,=F456*$N$2/$O$2,"=ROUND(H456,0)","=IFERROR(J455+I456,I456)","=IF(J456>365,0,I456)",,,,,,
456,=ROW(A457)-1, SFDK,3,,=SUM(D457:E457),=F457/$O$2,=F457*$N$2/$O$2,"=ROUND(H457,0)","=IFERROR(J456+I457,I457)","=IF(J457>365,0,I457)",,,,,,
457,=ROW(A458)-1, Shego,3,,=SUM(D458:E458),=F458/$O$2,=F458*$N$2/$O$2,"=ROUND(H458,0)","=IFERROR(J457+I458,I458)","=IF(J458>365,0,I458)",,,,,,
458,=ROW(A459)-1, Shields,3,,=SUM(D459:E459),=F459/$O$2,=F459*$N$2/$O$2,"=ROUND(H459,0)","=IFERROR(J458+I459,I459)","=IF(J459>365,0,I459)",,,,,,
459,=ROW(A460)-1, Siniestro Total,3,,=SUM(D460:E460),=F460/$O$2,=F460*$N$2/$O$2,"=ROUND(H460,0)","=IFERROR(J459+I460,I460)","=IF(J460>365,0,I460)",,,,,,
460,=ROW(A461)-1, The Art of Noise,3,,=SUM(D461:E461),=F461/$O$2,=F461*$N$2/$O$2,"=ROUND(H461,0)","=IFERROR(J460+I461,I461)","=IF(J461>365,0,I461)",,,,,,
461,=ROW(A462)-1, The Beaches,3,,=SUM(D462:E462),=F462/$O$2,=F462*$N$2/$O$2,"=ROUND(H462,0)","=IFERROR(J461+I462,I462)","=IF(J462>365,0,I462)",,,,,,
462,=ROW(A463)-1, The Faint,3,,=SUM(D463:E463),=F463/$O$2,=F463*$N$2/$O$2,"=ROUND(H463,0)","=IFERROR(J462+I463,I463)","=IF(J463>365,0,I463)",,,,,,
463,=ROW(A464)-1, The Replacements,3,,=SUM(D464:E464),=F464/$O$2,=F464*$N$2/$O$2,"=ROUND(H464,0)","=IFERROR(J463+I464,I464)","=IF(J464>365,0,I464)",,,,,,
464,=ROW(A465)-1, This is Lorelei,3,,=SUM(D465:E465),=F465/$O$2,=F465*$N$2/$O$2,"=ROUND(H465,0)","=IFERROR(J464+I465,I465)","=IF(J465>365,0,I465)",,,,,,
465,=ROW(A466)-1, Tinie Tempah,3,,=SUM(D466:E466),=F466/$O$2,=F466*$N$2/$O$2,"=ROUND(H466,0)","=IFERROR(J465+I466,I466)","=IF(J466>365,0,I466)",,,,,,
466,=ROW(A467)-1, Tom Petty,3,,=SUM(D467:E467),=F467/$O$2,=F467*$N$2/$O$2,"=ROUND(H467,0)","=IFERROR(J466+I467,I467)","=IF(J467>365,0,I467)",,,,,,
467,=ROW(A468)-1, Toro y Moi,3,,=SUM(D468:E468),=F468/$O$2,=F468*$N$2/$O$2,"=ROUND(H468,0)","=IFERROR(J467+I468,I468)","=IF(J468>365,0,I468)",,,,,,
468,=ROW(A469)-1, Vanilla Ice,3,,=SUM(D469:E469),=F469/$O$2,=F469*$N$2/$O$2,"=ROUND(H469,0)","=IFERROR(J468+I469,I469)","=IF(J469>365,0,I469)",,,,,,
469,=ROW(A470)-1, Varry Brava,3,,=SUM(D470:E470),=F470/$O$2,=F470*$N$2/$O$2,"=ROUND(H470,0)","=IFERROR(J469+I470,I470)","=IF(J470>365,0,I470)",,,,,,
470,=ROW(A471)-1, Warpaint,3,,=SUM(D471:E471),=F471/$O$2,=F471*$N$2/$O$2,"=ROUND(H471,0)","=IFERROR(J470+I471,I471)","=IF(J471>365,0,I471)",,,,,,
471,=ROW(A472)-1, was,3,,=SUM(D472:E472),=F472/$O$2,=F472*$N$2/$O$2,"=ROUND(H472,0)","=IFERROR(J471+I472,I472)","=IF(J472>365,0,I472)",,,,,,
472,=ROW(A473)-1, Washed Out,3,,=SUM(D473:E473),=F473/$O$2,=F473*$N$2/$O$2,"=ROUND(H473,0)","=IFERROR(J472+I473,I473)","=IF(J473>365,0,I473)",,,,,,
473,=ROW(A474)-1, Wednesday,3,,=SUM(D474:E474),=F474/$O$2,=F474*$N$2/$O$2,"=ROUND(H474,0)","=IFERROR(J473+I474,I474)","=IF(J474>365,0,I474)",,,,,,
474,=ROW(A475)-1, White Lies,3,,=SUM(D475:E475),=F475/$O$2,=F475*$N$2/$O$2,"=ROUND(H475,0)","=IFERROR(J474+I475,I475)","=IF(J475>365,0,I475)",,,,,,
475,=ROW(A476)-1, Wilco,3,,=SUM(D476:E476),=F476/$O$2,=F476*$N$2/$O$2,"=ROUND(H476,0)","=IFERROR(J475+I476,I476)","=IF(J476>365,0,I476)",,,,,,
476,=ROW(A477)-1, Wunderhorse,3,,=SUM(D477:E477),=F477/$O$2,=F477*$N$2/$O$2,"=ROUND(H477,0)","=IFERROR(J476+I477,I477)","=IF(J477>365,0,I477)",,,,,,
477,=ROW(A478)-1, Xenoch,3,,=SUM(D478:E478),=F478/$O$2,=F478*$N$2/$O$2,"=ROUND(H478,0)","=IFERROR(J477+I478,I478)","=IF(J478>365,0,I478)",,,,,,
478,=ROW(A479)-1, Yard Act,3,,=SUM(D479:E479),=F479/$O$2,=F479*$N$2/$O$2,"=ROUND(H479,0)","=IFERROR(J478+I479,I479)","=IF(J479>365,0,I479)",,,,,,
479,=ROW(A480)-1, Yung Spielburg,3,,=SUM(D480:E480),=F480/$O$2,=F480*$N$2/$O$2,"=ROUND(H480,0)","=IFERROR(J479+I480,I480)","=IF(J480>365,0,I480)",,,,,,
480,=ROW(A481)-1, _juno,2,,=SUM(D481:E481),=F481/$O$2,=F481*$N$2/$O$2,"=ROUND(H481,0)","=IFERROR(J480+I481,I481)","=IF(J481>365,0,I481)",,,,,,
481,=ROW(A482)-1, ...And You Will Know Us by the Trail of Dead,2,,=SUM(D482:E482),=F482/$O$2,=F482*$N$2/$O$2,"=ROUND(H482,0)","=IFERROR(J481+I482,I482)","=IF(J482>365,0,I482)",,,,,,
482,=ROW(A483)-1, Adam Green,2,,=SUM(D483:E483),=F483/$O$2,=F483*$N$2/$O$2,"=ROUND(H483,0)","=IFERROR(J482+I483,I483)","=IF(J483>365,0,I483)",,,,,,
483,=ROW(A484)-1, Air France,2,,=SUM(D484:E484),=F484/$O$2,=F484*$N$2/$O$2,"=ROUND(H484,0)","=IFERROR(J483+I484,I484)","=IF(J484>365,0,I484)",,,,,,
484,=ROW(A485)-1, Naval Ravikant,2,,=SUM(D485:E485),=F485/$O$2,=F485*$N$2/$O$2,"=ROUND(H485,0)","=IFERROR(J484+I485,I485)","=IF(J485>365,0,I485)",,,,,,
485,=ROW(A486)-1, Aldous Harding,2,,=SUM(D486:E486),=F486/$O$2,=F486*$N$2/$O$2,"=ROUND(H486,0)","=IFERROR(J485+I486,I486)","=IF(J486>365,0,I486)",,,,,,
486,=ROW(A487)-1, Alice Glass,2,,=SUM(D487:E487),=F487/$O$2,=F487*$N$2/$O$2,"=ROUND(H487,0)","=IFERROR(J486+I487,I487)","=IF(J487>365,0,I487)",,,,,,
487,=ROW(A488)-1, Alvvays,2,,=SUM(D488:E488),=F488/$O$2,=F488*$N$2/$O$2,"=ROUND(H488,0)","=IFERROR(J487+I488,I488)","=IF(J488>365,0,I488)",,,,,,
488,=ROW(A489)-1, Andrew Gold,2,,=SUM(D489:E489),=F489/$O$2,=F489*$N$2/$O$2,"=ROUND(H489,0)","=IFERROR(J488+I489,I489)","=IF(J489>365,0,I489)",,,,,,
489,=ROW(A490)-1, Angel Olsen,2,,=SUM(D490:E490),=F490/$O$2,=F490*$N$2/$O$2,"=ROUND(H490,0)","=IFERROR(J489+I490,I490)","=IF(J490>365,0,I490)",,,,,,
490,=ROW(A491)-1, Annika Rose,2,,=SUM(D491:E491),=F491/$O$2,=F491*$N$2/$O$2,"=ROUND(H491,0)","=IFERROR(J490+I491,I491)","=IF(J491>365,0,I491)",,,,,,
491,=ROW(A492)-1, Aphex Twin,2,,=SUM(D492:E492),=F492/$O$2,=F492*$N$2/$O$2,"=ROUND(H492,0)","=IFERROR(J491+I492,I492)","=IF(J492>365,0,I492)",,,,,,
492,=ROW(A493)-1, Arlo Parks,2,,=SUM(D493:E493),=F493/$O$2,=F493*$N$2/$O$2,"=ROUND(H493,0)","=IFERROR(J492+I493,I493)","=IF(J493>365,0,I493)",,,,,,
493,=ROW(A494)-1, Aryana León,2,,=SUM(D494:E494),=F494/$O$2,=F494*$N$2/$O$2,"=ROUND(H494,0)","=IFERROR(J493+I494,I494)","=IF(J494>365,0,I494)",,,,,,
494,=ROW(A495)-1, Aztec Camera,2,,=SUM(D495:E495),=F495/$O$2,=F495*$N$2/$O$2,"=ROUND(H495,0)","=IFERROR(J494+I495,I495)","=IF(J495>365,0,I495)",,,,,,
495,=ROW(A496)-1, Bad Omens,2,,=SUM(D496:E496),=F496/$O$2,=F496*$N$2/$O$2,"=ROUND(H496,0)","=IFERROR(J495+I496,I496)","=IF(J496>365,0,I496)",,,,,,
496,=ROW(A497)-1, BADBADNOTGOOD,2,,=SUM(D497:E497),=F497/$O$2,=F497*$N$2/$O$2,"=ROUND(H497,0)","=IFERROR(J496+I497,I497)","=IF(J497>365,0,I497)",,,,,,
